[2026-08-14 06:12:27] production.ERROR: file_get_contents(D:\Burhan\Chat-Two\chat-app-laravel\.env): Failed to open stream: No such file or directory {"exception":"[object] (ErrorException(code: 0): file_get_contents(D:\\Burhan\\Chat-Two\\chat-app-laravel\\.env): Failed to open stream: No such file or directory at D:\\Burhan\\Chat-Two\\chat-app-laravel\\vendor\\laravel\\framework\\src\\Illuminate\\Foundation\\Console\\KeyGenerateCommand.php:100)
[stacktrace]
#0 D:\\Burhan\\Chat-Two\\chat-app-laravel\\vendor\\laravel\\framework\\src\\Illuminate\\Foundation\\Bootstrap\\HandleExceptions.php(258): Illuminate\\Foundation\\Bootstrap\\HandleExceptions->handleError(2, 'file_get_conten...', 'D:\\\\Burhan\\\\Chat-...', 100)
#1 [internal function]: Illuminate\\Foundation\\Bootstrap\\HandleExceptions->Illuminate\\Foundation\\Bootstrap\\{closure}(2, 'file_get_conten...', 'D:\\\\Burhan\\\\Chat-...', 100)
#2 D:\\Burhan\\Chat-Two\\chat-app-laravel\\vendor\\laravel\\framework\\src\\Illuminate\\Foundation\\Console\\KeyGenerateCommand.php(100): file_get_contents('D:\\\\Burhan\\\\Chat-...')
#3 D:\\Burhan\\Chat-Two\\chat-app-laravel\\vendor\\laravel\\framework\\src\\Illuminate\\Foundation\\Console\\KeyGenerateCommand.php(82): Illuminate\\Foundation\\Console\\KeyGenerateCommand->writeNewEnvironmentFileWith('base64:LHmjBR3Z...')
#4 D:\\Burhan\\Chat-Two\\chat-app-laravel\\vendor\\laravel\\framework\\src\\Illuminate\\Foundation\\Console\\KeyGenerateCommand.php(47): Illuminate\\Foundation\\Console\\KeyGenerateCommand->setKeyInEnvironmentFile('base64:LHmjBR3Z...')
#5 D:\\Burhan\\Chat-Two\\chat-app-laravel\\vendor\\laravel\\framework\\src\\Illuminate\\Container\\BoundMethod.php(36): Illuminate\\Foundation\\Console\\KeyGenerateCommand->handle()
#6 D:\\Burhan\\Chat-Two\\chat-app-laravel\\vendor\\laravel\\framework\\src\\Illuminate\\Container\\Util.php(43): Illuminate\\Container\\BoundMethod::Illuminate\\Container\\{closure}()
#7 D:\\Burhan\\Chat-Two\\chat-app-laravel\\vendor\\laravel\\framework\\src\\Illuminate\\Container\\BoundMethod.php(96): Illuminate\\Container\\Util::unwrapIfClosure(Object(Closure))
#8 D:\\Burhan\\Chat-Two\\chat-app-laravel\\vendor\\laravel\\framework\\src\\Illuminate\\Container\\BoundMethod.php(35): Illuminate\\Container\\BoundMethod::callBoundMethod(Object(Illuminate\\Foundation\\Application), Array, Object(Closure))
#9 D:\\Burhan\\Chat-Two\\chat-app-laravel\\vendor\\laravel\\framework\\src\\Illuminate\\Container\\Container.php(835): Illuminate\\Container\\BoundMethod::call(Object(Illuminate\\Foundation\\Application), Array, Array, NULL)
#10 D:\\Burhan\\Chat-Two\\chat-app-laravel\\vendor\\laravel\\framework\\src\\Illuminate\\Console\\Command.php(211): Illuminate\\Container\\Container->call(Array)
#11 D:\\Burhan\\Chat-Two\\chat-app-laravel\\vendor\\symfony\\console\\Command\\Command.php(318): Illuminate\\Console\\Command->execute(Object(Symfony\\Component\\Console\\Input\\ArgvInput), Object(Illuminate\\Console\\OutputStyle))
#12 D:\\Burhan\\Chat-Two\\chat-app-laravel\\vendor\\laravel\\framework\\src\\Illuminate\\Console\\Command.php(180): Symfony\\Component\\Console\\Command\\Command->run(Object(Symfony\\Component\\Console\\Input\\ArgvInput), Object(Illuminate\\Console\\OutputStyle))
#13 D:\\Burhan\\Chat-Two\\chat-app-laravel\\vendor\\symfony\\console\\Application.php(1092): Illuminate\\Console\\Command->run(Object(Symfony\\Component\\Console\\Input\\ArgvInput), Object(Symfony\\Component\\Console\\Output\\ConsoleOutput))
#14 D:\\Burhan\\Chat-Two\\chat-app-laravel\\vendor\\symfony\\console\\Application.php(341): Symfony\\Component\\Console\\Application->doRunCommand(Object(Illuminate\\Foundation\\Console\\KeyGenerateCommand), Object(Symfony\\Component\\Console\\Input\\ArgvInput), Object(Symfony\\Component\\Console\\Output\\ConsoleOutput))
#15 D:\\Burhan\\Chat-Two\\chat-app-laravel\\vendor\\symfony\\console\\Application.php(192): Symfony\\Component\\Console\\Application->doRun(Object(Symfony\\Component\\Console\\Input\\ArgvInput), Object(Symfony\\Component\\Console\\Output\\ConsoleOutput))
#16 D:\\Burhan\\Chat-Two\\chat-app-laravel\\vendor\\laravel\\framework\\src\\Illuminate\\Foundation\\Console\\Kernel.php(197): Symfony\\Component\\Console\\Application->run(Object(Symfony\\Component\\Console\\Input\\ArgvInput), Object(Symfony\\Component\\Console\\Output\\ConsoleOutput))
#17 D:\\Burhan\\Chat-Two\\chat-app-laravel\\vendor\\laravel\\framework\\src\\Illuminate\\Foundation\\Application.php(1234): Illuminate\\Foundation\\Console\\Kernel->handle(Object(Symfony\\Component\\Console\\Input\\ArgvInput), Object(Symfony\\Component\\Console\\Output\\ConsoleOutput))
#18 D:\\Burhan\\Chat-Two\\chat-app-laravel\\artisan(16): Illuminate\\Foundation\\Application->handleCommand(Object(Symfony\\Component\\Console\\Input\\ArgvInput))
#19 {main}
"} 
[2026-08-14 12:15:29] local.ERROR: SQLSTATE[HY000] [1045] Access denied for user 'root'@'localhost' (using password: YES) (Connection: mysql, SQL: select exists (select 1 from information_schema.tables where table_schema = schema() and table_name = 'migrations' and table_type in ('BASE TABLE', 'SYSTEM VERSIONED')) as `exists`) {"exception":"[object] (Illuminate\\Database\\QueryException(code: 1045): SQLSTATE[HY000] [1045] Access denied for user 'root'@'localhost' (using password: YES) (Connection: mysql, SQL: select exists (select 1 from information_schema.tables where table_schema = schema() and table_name = 'migrations' and table_type in ('BASE TABLE', 'SYSTEM VERSIONED')) as `exists`) at D:\\Burhan\\Chat-Two\\chat-app-laravel\\vendor\\laravel\\framework\\src\\Illuminate\\Database\\Connection.php:824)
[stacktrace]
#0 D:\\Burhan\\Chat-Two\\chat-app-laravel\\vendor\\laravel\\framework\\src\\Illuminate\\Database\\Connection.php(978): Illuminate\\Database\\Connection->runQueryCallback('select exists (...', Array, Object(Closure))
#1 D:\\Burhan\\Chat-Two\\chat-app-laravel\\vendor\\laravel\\framework\\src\\Illuminate\\Database\\Connection.php(957): Illuminate\\Database\\Connection->tryAgainIfCausedByLostConnection(Object(Illuminate\\Database\\QueryException), 'select exists (...', Array, Object(Closure))
#2 D:\\Burhan\\Chat-Two\\chat-app-laravel\\vendor\\laravel\\framework\\src\\Illuminate\\Database\\Connection.php(780): Illuminate\\Database\\Connection->handleQueryException(Object(Illuminate\\Database\\QueryException), 'select exists (...', Array, Object(Closure))
#3 D:\\Burhan\\Chat-Two\\chat-app-laravel\\vendor\\laravel\\framework\\src\\Illuminate\\Database\\Connection.php(397): Illuminate\\Database\\Connection->run('select exists (...', Array, Object(Closure))
#4 D:\\Burhan\\Chat-Two\\chat-app-laravel\\vendor\\laravel\\framework\\src\\Illuminate\\Database\\Connection.php(343): Illuminate\\Database\\Connection->select('select exists (...', Array, true)
#5 D:\\Burhan\\Chat-Two\\chat-app-laravel\\vendor\\laravel\\framework\\src\\Illuminate\\Database\\Connection.php(360): Illuminate\\Database\\Connection->selectOne('select exists (...', Array, true)
#6 D:\\Burhan\\Chat-Two\\chat-app-laravel\\vendor\\laravel\\framework\\src\\Illuminate\\Database\\Schema\\Builder.php(174): Illuminate\\Database\\Connection->scalar('select exists (...')
#7 D:\\Burhan\\Chat-Two\\chat-app-laravel\\vendor\\laravel\\framework\\src\\Illuminate\\Database\\Migrations\\DatabaseMigrationRepository.php(185): Illuminate\\Database\\Schema\\Builder->hasTable('migrations')
#8 D:\\Burhan\\Chat-Two\\chat-app-laravel\\vendor\\laravel\\framework\\src\\Illuminate\\Database\\Migrations\\Migrator.php(753): Illuminate\\Database\\Migrations\\DatabaseMigrationRepository->repositoryExists()
#9 D:\\Burhan\\Chat-Two\\chat-app-laravel\\vendor\\laravel\\framework\\src\\Illuminate\\Database\\Console\\Migrations\\MigrateCommand.php(164): Illuminate\\Database\\Migrations\\Migrator->repositoryExists()
#10 D:\\Burhan\\Chat-Two\\chat-app-laravel\\vendor\\laravel\\framework\\src\\Illuminate\\Support\\helpers.php(338): Illuminate\\Database\\Console\\Migrations\\MigrateCommand->Illuminate\\Database\\Console\\Migrations\\{closure}(1)
#11 D:\\Burhan\\Chat-Two\\chat-app-laravel\\vendor\\laravel\\framework\\src\\Illuminate\\Database\\Console\\Migrations\\MigrateCommand.php(164): retry(1, Object(Closure), 0, Object(Closure))
#12 D:\\Burhan\\Chat-Two\\chat-app-laravel\\vendor\\laravel\\framework\\src\\Illuminate\\Database\\Console\\Migrations\\MigrateCommand.php(140): Illuminate\\Database\\Console\\Migrations\\MigrateCommand->repositoryExists()
#13 D:\\Burhan\\Chat-Two\\chat-app-laravel\\vendor\\laravel\\framework\\src\\Illuminate\\Database\\Console\\Migrations\\MigrateCommand.php(110): Illuminate\\Database\\Console\\Migrations\\MigrateCommand->prepareDatabase()
#14 D:\\Burhan\\Chat-Two\\chat-app-laravel\\vendor\\laravel\\framework\\src\\Illuminate\\Database\\Migrations\\Migrator.php(666): Illuminate\\Database\\Console\\Migrations\\MigrateCommand->Illuminate\\Database\\Console\\Migrations\\{closure}()
#15 D:\\Burhan\\Chat-Two\\chat-app-laravel\\vendor\\laravel\\framework\\src\\Illuminate\\Database\\Console\\Migrations\\MigrateCommand.php(109): Illuminate\\Database\\Migrations\\Migrator->usingConnection(NULL, Object(Closure))
#16 D:\\Burhan\\Chat-Two\\chat-app-laravel\\vendor\\laravel\\framework\\src\\Illuminate\\Database\\Console\\Migrations\\MigrateCommand.php(88): Illuminate\\Database\\Console\\Migrations\\MigrateCommand->runMigrations()
#17 D:\\Burhan\\Chat-Two\\chat-app-laravel\\vendor\\laravel\\framework\\src\\Illuminate\\Container\\BoundMethod.php(36): Illuminate\\Database\\Console\\Migrations\\MigrateCommand->handle()
#18 D:\\Burhan\\Chat-Two\\chat-app-laravel\\vendor\\laravel\\framework\\src\\Illuminate\\Container\\Util.php(43): Illuminate\\Container\\BoundMethod::Illuminate\\Container\\{closure}()
#19 D:\\Burhan\\Chat-Two\\chat-app-laravel\\vendor\\laravel\\framework\\src\\Illuminate\\Container\\BoundMethod.php(96): Illuminate\\Container\\Util::unwrapIfClosure(Object(Closure))
#20 D:\\Burhan\\Chat-Two\\chat-app-laravel\\vendor\\laravel\\framework\\src\\Illuminate\\Container\\BoundMethod.php(35): Illuminate\\Container\\BoundMethod::callBoundMethod(Object(Illuminate\\Foundation\\Application), Array, Object(Closure))
#21 D:\\Burhan\\Chat-Two\\chat-app-laravel\\vendor\\laravel\\framework\\src\\Illuminate\\Container\\Container.php(835): Illuminate\\Container\\BoundMethod::call(Object(Illuminate\\Foundation\\Application), Array, Array, NULL)
#22 D:\\Burhan\\Chat-Two\\chat-app-laravel\\vendor\\laravel\\framework\\src\\Illuminate\\Console\\Command.php(211): Illuminate\\Container\\Container->call(Array)
#23 D:\\Burhan\\Chat-Two\\chat-app-laravel\\vendor\\symfony\\console\\Command\\Command.php(318): Illuminate\\Console\\Command->execute(Object(Symfony\\Component\\Console\\Input\\ArgvInput), Object(Illuminate\\Console\\OutputStyle))
#24 D:\\Burhan\\Chat-Two\\chat-app-laravel\\vendor\\laravel\\framework\\src\\Illuminate\\Console\\Command.php(180): Symfony\\Component\\Console\\Command\\Command->run(Object(Symfony\\Component\\Console\\Input\\ArgvInput), Object(Illuminate\\Console\\OutputStyle))
#25 D:\\Burhan\\Chat-Two\\chat-app-laravel\\vendor\\symfony\\console\\Application.php(1092): Illuminate\\Console\\Command->run(Object(Symfony\\Component\\Console\\Input\\ArgvInput), Object(Symfony\\Component\\Console\\Output\\ConsoleOutput))
#26 D:\\Burhan\\Chat-Two\\chat-app-laravel\\vendor\\symfony\\console\\Application.php(341): Symfony\\Component\\Console\\Application->doRunCommand(Object(Illuminate\\Database\\Console\\Migrations\\MigrateCommand), Object(Symfony\\Component\\Console\\Input\\ArgvInput), Object(Symfony\\Component\\Console\\Output\\ConsoleOutput))
#27 D:\\Burhan\\Chat-Two\\chat-app-laravel\\vendor\\symfony\\console\\Application.php(192): Symfony\\Component\\Console\\Application->doRun(Object(Symfony\\Component\\Console\\Input\\ArgvInput), Object(Symfony\\Component\\Console\\Output\\ConsoleOutput))
#28 D:\\Burhan\\Chat-Two\\chat-app-laravel\\vendor\\laravel\\framework\\src\\Illuminate\\Foundation\\Console\\Kernel.php(197): Symfony\\Component\\Console\\Application->run(Object(Symfony\\Component\\Console\\Input\\ArgvInput), Object(Symfony\\Component\\Console\\Output\\ConsoleOutput))
#29 D:\\Burhan\\Chat-Two\\chat-app-laravel\\vendor\\laravel\\framework\\src\\Illuminate\\Foundation\\Application.php(1234): Illuminate\\Foundation\\Console\\Kernel->handle(Object(Symfony\\Component\\Console\\Input\\ArgvInput), Object(Symfony\\Component\\Console\\Output\\ConsoleOutput))
#30 D:\\Burhan\\Chat-Two\\chat-app-laravel\\artisan(16): Illuminate\\Foundation\\Application->handleCommand(Object(Symfony\\Component\\Console\\Input\\ArgvInput))
#31 {main}

[previous exception] [object] (PDOException(code: 1045): SQLSTATE[HY000] [1045] Access denied for user 'root'@'localhost' (using password: YES) at D:\\Burhan\\Chat-Two\\chat-app-laravel\\vendor\\laravel\\framework\\src\\Illuminate\\Database\\Connectors\\Connector.php:66)
[stacktrace]
#0 D:\\Burhan\\Chat-Two\\chat-app-laravel\\vendor\\laravel\\framework\\src\\Illuminate\\Database\\Connectors\\Connector.php(66): PDO->__construct('mysql:host=127....', 'root', Object(SensitiveParameterValue), Array)
#1 D:\\Burhan\\Chat-Two\\chat-app-laravel\\vendor\\laravel\\framework\\src\\Illuminate\\Database\\Connectors\\Connector.php(85): Illuminate\\Database\\Connectors\\Connector->createPdoConnection('mysql:host=127....', 'root', Object(SensitiveParameterValue), Array)
#2 D:\\Burhan\\Chat-Two\\chat-app-laravel\\vendor\\laravel\\framework\\src\\Illuminate\\Database\\Connectors\\Connector.php(48): Illuminate\\Database\\Connectors\\Connector->tryAgainIfCausedByLostConnection(Object(PDOException), 'mysql:host=127....', 'root', Object(SensitiveParameterValue), Array)
#3 D:\\Burhan\\Chat-Two\\chat-app-laravel\\vendor\\laravel\\framework\\src\\Illuminate\\Database\\Connectors\\MySqlConnector.php(24): Illuminate\\Database\\Connectors\\Connector->createConnection('mysql:host=127....', Array, Array)
#4 D:\\Burhan\\Chat-Two\\chat-app-laravel\\vendor\\laravel\\framework\\src\\Illuminate\\Database\\Connectors\\ConnectionFactory.php(184): Illuminate\\Database\\Connectors\\MySqlConnector->connect(Array)
#5 [internal function]: Illuminate\\Database\\Connectors\\ConnectionFactory->Illuminate\\Database\\Connectors\\{closure}()
#6 D:\\Burhan\\Chat-Two\\chat-app-laravel\\vendor\\laravel\\framework\\src\\Illuminate\\Database\\Connection.php(1230): call_user_func(Object(Closure))
#7 D:\\Burhan\\Chat-Two\\chat-app-laravel\\vendor\\laravel\\framework\\src\\Illuminate\\Database\\Connection.php(1266): Illuminate\\Database\\Connection->getPdo()
#8 D:\\Burhan\\Chat-Two\\chat-app-laravel\\vendor\\laravel\\framework\\src\\Illuminate\\Database\\Connection.php(511): Illuminate\\Database\\Connection->getReadPdo()
#9 D:\\Burhan\\Chat-Two\\chat-app-laravel\\vendor\\laravel\\framework\\src\\Illuminate\\Database\\Connection.php(406): Illuminate\\Database\\Connection->getPdoForSelect(true)
#10 D:\\Burhan\\Chat-Two\\chat-app-laravel\\vendor\\laravel\\framework\\src\\Illuminate\\Database\\Connection.php(811): Illuminate\\Database\\Connection->Illuminate\\Database\\{closure}('select exists (...', Array)
#11 D:\\Burhan\\Chat-Two\\chat-app-laravel\\vendor\\laravel\\framework\\src\\Illuminate\\Database\\Connection.php(978): Illuminate\\Database\\Connection->runQueryCallback('select exists (...', Array, Object(Closure))
#12 D:\\Burhan\\Chat-Two\\chat-app-laravel\\vendor\\laravel\\framework\\src\\Illuminate\\Database\\Connection.php(957): Illuminate\\Database\\Connection->tryAgainIfCausedByLostConnection(Object(Illuminate\\Database\\QueryException), 'select exists (...', Array, Object(Closure))
#13 D:\\Burhan\\Chat-Two\\chat-app-laravel\\vendor\\laravel\\framework\\src\\Illuminate\\Database\\Connection.php(780): Illuminate\\Database\\Connection->handleQueryException(Object(Illuminate\\Database\\QueryException), 'select exists (...', Array, Object(Closure))
#14 D:\\Burhan\\Chat-Two\\chat-app-laravel\\vendor\\laravel\\framework\\src\\Illuminate\\Database\\Connection.php(397): Illuminate\\Database\\Connection->run('select exists (...', Array, Object(Closure))
#15 D:\\Burhan\\Chat-Two\\chat-app-laravel\\vendor\\laravel\\framework\\src\\Illuminate\\Database\\Connection.php(343): Illuminate\\Database\\Connection->select('select exists (...', Array, true)
#16 D:\\Burhan\\Chat-Two\\chat-app-laravel\\vendor\\laravel\\framework\\src\\Illuminate\\Database\\Connection.php(360): Illuminate\\Database\\Connection->selectOne('select exists (...', Array, true)
#17 D:\\Burhan\\Chat-Two\\chat-app-laravel\\vendor\\laravel\\framework\\src\\Illuminate\\Database\\Schema\\Builder.php(174): Illuminate\\Database\\Connection->scalar('select exists (...')
#18 D:\\Burhan\\Chat-Two\\chat-app-laravel\\vendor\\laravel\\framework\\src\\Illuminate\\Database\\Migrations\\DatabaseMigrationRepository.php(185): Illuminate\\Database\\Schema\\Builder->hasTable('migrations')
#19 D:\\Burhan\\Chat-Two\\chat-app-laravel\\vendor\\laravel\\framework\\src\\Illuminate\\Database\\Migrations\\Migrator.php(753): Illuminate\\Database\\Migrations\\DatabaseMigrationRepository->repositoryExists()
#20 D:\\Burhan\\Chat-Two\\chat-app-laravel\\vendor\\laravel\\framework\\src\\Illuminate\\Database\\Console\\Migrations\\MigrateCommand.php(164): Illuminate\\Database\\Migrations\\Migrator->repositoryExists()
#21 D:\\Burhan\\Chat-Two\\chat-app-laravel\\vendor\\laravel\\framework\\src\\Illuminate\\Support\\helpers.php(338): Illuminate\\Database\\Console\\Migrations\\MigrateCommand->Illuminate\\Database\\Console\\Migrations\\{closure}(1)
#22 D:\\Burhan\\Chat-Two\\chat-app-laravel\\vendor\\laravel\\framework\\src\\Illuminate\\Database\\Console\\Migrations\\MigrateCommand.php(164): retry(1, Object(Closure), 0, Object(Closure))
#23 D:\\Burhan\\Chat-Two\\chat-app-laravel\\vendor\\laravel\\framework\\src\\Illuminate\\Database\\Console\\Migrations\\MigrateCommand.php(140): Illuminate\\Database\\Console\\Migrations\\MigrateCommand->repositoryExists()
#24 D:\\Burhan\\Chat-Two\\chat-app-laravel\\vendor\\laravel\\framework\\src\\Illuminate\\Database\\Console\\Migrations\\MigrateCommand.php(110): Illuminate\\Database\\Console\\Migrations\\MigrateCommand->prepareDatabase()
#25 D:\\Burhan\\Chat-Two\\chat-app-laravel\\vendor\\laravel\\framework\\src\\Illuminate\\Database\\Migrations\\Migrator.php(666): Illuminate\\Database\\Console\\Migrations\\MigrateCommand->Illuminate\\Database\\Console\\Migrations\\{closure}()
#26 D:\\Burhan\\Chat-Two\\chat-app-laravel\\vendor\\laravel\\framework\\src\\Illuminate\\Database\\Console\\Migrations\\MigrateCommand.php(109): Illuminate\\Database\\Migrations\\Migrator->usingConnection(NULL, Object(Closure))
#27 D:\\Burhan\\Chat-Two\\chat-app-laravel\\vendor\\laravel\\framework\\src\\Illuminate\\Database\\Console\\Migrations\\MigrateCommand.php(88): Illuminate\\Database\\Console\\Migrations\\MigrateCommand->runMigrations()
#28 D:\\Burhan\\Chat-Two\\chat-app-laravel\\vendor\\laravel\\framework\\src\\Illuminate\\Container\\BoundMethod.php(36): Illuminate\\Database\\Console\\Migrations\\MigrateCommand->handle()
#29 D:\\Burhan\\Chat-Two\\chat-app-laravel\\vendor\\laravel\\framework\\src\\Illuminate\\Container\\Util.php(43): Illuminate\\Container\\BoundMethod::Illuminate\\Container\\{closure}()
#30 D:\\Burhan\\Chat-Two\\chat-app-laravel\\vendor\\laravel\\framework\\src\\Illuminate\\Container\\BoundMethod.php(96): Illuminate\\Container\\Util::unwrapIfClosure(Object(Closure))
#31 D:\\Burhan\\Chat-Two\\chat-app-laravel\\vendor\\laravel\\framework\\src\\Illuminate\\Container\\BoundMethod.php(35): Illuminate\\Container\\BoundMethod::callBoundMethod(Object(Illuminate\\Foundation\\Application), Array, Object(Closure))
#32 D:\\Burhan\\Chat-Two\\chat-app-laravel\\vendor\\laravel\\framework\\src\\Illuminate\\Container\\Container.php(835): Illuminate\\Container\\BoundMethod::call(Object(Illuminate\\Foundation\\Application), Array, Array, NULL)
#33 D:\\Burhan\\Chat-Two\\chat-app-laravel\\vendor\\laravel\\framework\\src\\Illuminate\\Console\\Command.php(211): Illuminate\\Container\\Container->call(Array)
#34 D:\\Burhan\\Chat-Two\\chat-app-laravel\\vendor\\symfony\\console\\Command\\Command.php(318): Illuminate\\Console\\Command->execute(Object(Symfony\\Component\\Console\\Input\\ArgvInput), Object(Illuminate\\Console\\OutputStyle))
#35 D:\\Burhan\\Chat-Two\\chat-app-laravel\\vendor\\laravel\\framework\\src\\Illuminate\\Console\\Command.php(180): Symfony\\Component\\Console\\Command\\Command->run(Object(Symfony\\Component\\Console\\Input\\ArgvInput), Object(Illuminate\\Console\\OutputStyle))
#36 D:\\Burhan\\Chat-Two\\chat-app-laravel\\vendor\\symfony\\console\\Application.php(1092): Illuminate\\Console\\Command->run(Object(Symfony\\Component\\Console\\Input\\ArgvInput), Object(Symfony\\Component\\Console\\Output\\ConsoleOutput))
#37 D:\\Burhan\\Chat-Two\\chat-app-laravel\\vendor\\symfony\\console\\Application.php(341): Symfony\\Component\\Console\\Application->doRunCommand(Object(Illuminate\\Database\\Console\\Migrations\\MigrateCommand), Object(Symfony\\Component\\Console\\Input\\ArgvInput), Object(Symfony\\Component\\Console\\Output\\ConsoleOutput))
#38 D:\\Burhan\\Chat-Two\\chat-app-laravel\\vendor\\symfony\\console\\Application.php(192): Symfony\\Component\\Console\\Application->doRun(Object(Symfony\\Component\\Console\\Input\\ArgvInput), Object(Symfony\\Component\\Console\\Output\\ConsoleOutput))
#39 D:\\Burhan\\Chat-Two\\chat-app-laravel\\vendor\\laravel\\framework\\src\\Illuminate\\Foundation\\Console\\Kernel.php(197): Symfony\\Component\\Console\\Application->run(Object(Symfony\\Component\\Console\\Input\\ArgvInput), Object(Symfony\\Component\\Console\\Output\\ConsoleOutput))
#40 D:\\Burhan\\Chat-Two\\chat-app-laravel\\vendor\\laravel\\framework\\src\\Illuminate\\Foundation\\Application.php(1234): Illuminate\\Foundation\\Console\\Kernel->handle(Object(Symfony\\Component\\Console\\Input\\ArgvInput), Object(Symfony\\Component\\Console\\Output\\ConsoleOutput))
#41 D:\\Burhan\\Chat-Two\\chat-app-laravel\\artisan(16): Illuminate\\Foundation\\Application->handleCommand(Object(Symfony\\Component\\Console\\Input\\ArgvInput))
#42 {main}
"} 
[2026-08-14 12:16:03] local.ERROR: SQLSTATE[HY000] [1045] Access denied for user 'root'@'localhost' (using password: YES) (Connection: mysql, SQL: insert into `users` (`name`, `email`, `password`, `email_verified_at`, `updated_at`, `created_at`) values (Admin, admin@gmail.com, $2y$12$SnptsivCuF9nMa17vHD7Wefloqmw7ZlitGVfZWJsmIIGQieAf5kj6, 2026-08-14 12:16:03, 2026-08-14 12:16:03, 2026-08-14 12:16:03)) {"exception":"[object] (Illuminate\\Database\\QueryException(code: 1045): SQLSTATE[HY000] [1045] Access denied for user 'root'@'localhost' (using password: YES) (Connection: mysql, SQL: insert into `users` (`name`, `email`, `password`, `email_verified_at`, `updated_at`, `created_at`) values (Admin, admin@gmail.com, $2y$12$SnptsivCuF9nMa17vHD7Wefloqmw7ZlitGVfZWJsmIIGQieAf5kj6, 2026-08-14 12:16:03, 2026-08-14 12:16:03, 2026-08-14 12:16:03)) at D:\\Burhan\\Chat-Two\\chat-app-laravel\\vendor\\laravel\\framework\\src\\Illuminate\\Database\\Connection.php:824)
[stacktrace]
#0 D:\\Burhan\\Chat-Two\\chat-app-laravel\\vendor\\laravel\\framework\\src\\Illuminate\\Database\\Connection.php(978): Illuminate\\Database\\Connection->runQueryCallback('insert into `us...', Array, Object(Closure))
#1 D:\\Burhan\\Chat-Two\\chat-app-laravel\\vendor\\laravel\\framework\\src\\Illuminate\\Database\\Connection.php(957): Illuminate\\Database\\Connection->tryAgainIfCausedByLostConnection(Object(Illuminate\\Database\\QueryException), 'insert into `us...', Array, Object(Closure))
#2 D:\\Burhan\\Chat-Two\\chat-app-laravel\\vendor\\laravel\\framework\\src\\Illuminate\\Database\\Connection.php(780): Illuminate\\Database\\Connection->handleQueryException(Object(Illuminate\\Database\\QueryException), 'insert into `us...', Array, Object(Closure))
#3 D:\\Burhan\\Chat-Two\\chat-app-laravel\\vendor\\laravel\\framework\\src\\Illuminate\\Database\\MySqlConnection.php(42): Illuminate\\Database\\Connection->run('insert into `us...', Array, Object(Closure))
#4 D:\\Burhan\\Chat-Two\\chat-app-laravel\\vendor\\laravel\\framework\\src\\Illuminate\\Database\\Query\\Processors\\MySqlProcessor.php(35): Illuminate\\Database\\MySqlConnection->insert('insert into `us...', Array, 'id')
#5 D:\\Burhan\\Chat-Two\\chat-app-laravel\\vendor\\laravel\\framework\\src\\Illuminate\\Database\\Query\\Builder.php(3853): Illuminate\\Database\\Query\\Processors\\MySqlProcessor->processInsertGetId(Object(Illuminate\\Database\\Query\\Builder), 'insert into `us...', Array, 'id')
#6 D:\\Burhan\\Chat-Two\\chat-app-laravel\\vendor\\laravel\\framework\\src\\Illuminate\\Database\\Eloquent\\Builder.php(2220): Illuminate\\Database\\Query\\Builder->insertGetId(Array, 'id')
#7 D:\\Burhan\\Chat-Two\\chat-app-laravel\\vendor\\laravel\\framework\\src\\Illuminate\\Database\\Eloquent\\Model.php(1434): Illuminate\\Database\\Eloquent\\Builder->__call('insertGetId', Array)
#8 D:\\Burhan\\Chat-Two\\chat-app-laravel\\vendor\\laravel\\framework\\src\\Illuminate\\Database\\Eloquent\\Model.php(1399): Illuminate\\Database\\Eloquent\\Model->insertAndSetId(Object(Illuminate\\Database\\Eloquent\\Builder), Array)
#9 D:\\Burhan\\Chat-Two\\chat-app-laravel\\vendor\\laravel\\framework\\src\\Illuminate\\Database\\Eloquent\\Model.php(1238): Illuminate\\Database\\Eloquent\\Model->performInsert(Object(Illuminate\\Database\\Eloquent\\Builder))
#10 D:\\Burhan\\Chat-Two\\chat-app-laravel\\vendor\\laravel\\framework\\src\\Illuminate\\Database\\Eloquent\\Builder.php(1204): Illuminate\\Database\\Eloquent\\Model->save()
#11 D:\\Burhan\\Chat-Two\\chat-app-laravel\\vendor\\laravel\\framework\\src\\Illuminate\\Support\\helpers.php(399): Illuminate\\Database\\Eloquent\\Builder->Illuminate\\Database\\Eloquent\\{closure}(Object(App\\Models\\User))
#12 D:\\Burhan\\Chat-Two\\chat-app-laravel\\vendor\\laravel\\framework\\src\\Illuminate\\Database\\Eloquent\\Builder.php(1203): tap(Object(App\\Models\\User), Object(Closure))
#13 D:\\Burhan\\Chat-Two\\chat-app-laravel\\vendor\\laravel\\framework\\src\\Illuminate\\Support\\Traits\\ForwardsCalls.php(23): Illuminate\\Database\\Eloquent\\Builder->create(Array)
#14 D:\\Burhan\\Chat-Two\\chat-app-laravel\\vendor\\laravel\\framework\\src\\Illuminate\\Database\\Eloquent\\Model.php(2525): Illuminate\\Database\\Eloquent\\Model->forwardCallTo(Object(Illuminate\\Database\\Eloquent\\Builder), 'create', Array)
#15 D:\\Burhan\\Chat-Two\\chat-app-laravel\\vendor\\laravel\\framework\\src\\Illuminate\\Database\\Eloquent\\Model.php(2541): Illuminate\\Database\\Eloquent\\Model->__call('create', Array)
#16 D:\\Burhan\\Chat-Two\\chat-app-laravel\\database\\seeders\\UserSeeder.php(13): Illuminate\\Database\\Eloquent\\Model::__callStatic('create', Array)
#17 D:\\Burhan\\Chat-Two\\chat-app-laravel\\vendor\\laravel\\framework\\src\\Illuminate\\Container\\BoundMethod.php(36): Database\\Seeders\\UserSeeder->run()
#18 D:\\Burhan\\Chat-Two\\chat-app-laravel\\vendor\\laravel\\framework\\src\\Illuminate\\Container\\Util.php(43): Illuminate\\Container\\BoundMethod::Illuminate\\Container\\{closure}()
#19 D:\\Burhan\\Chat-Two\\chat-app-laravel\\vendor\\laravel\\framework\\src\\Illuminate\\Container\\BoundMethod.php(96): Illuminate\\Container\\Util::unwrapIfClosure(Object(Closure))
#20 D:\\Burhan\\Chat-Two\\chat-app-laravel\\vendor\\laravel\\framework\\src\\Illuminate\\Container\\BoundMethod.php(35): Illuminate\\Container\\BoundMethod::callBoundMethod(Object(Illuminate\\Foundation\\Application), Array, Object(Closure))
#21 D:\\Burhan\\Chat-Two\\chat-app-laravel\\vendor\\laravel\\framework\\src\\Illuminate\\Container\\Container.php(835): Illuminate\\Container\\BoundMethod::call(Object(Illuminate\\Foundation\\Application), Array, Array, NULL)
#22 D:\\Burhan\\Chat-Two\\chat-app-laravel\\vendor\\laravel\\framework\\src\\Illuminate\\Database\\Seeder.php(188): Illuminate\\Container\\Container->call(Array, Array)
#23 D:\\Burhan\\Chat-Two\\chat-app-laravel\\vendor\\laravel\\framework\\src\\Illuminate\\Database\\Seeder.php(197): Illuminate\\Database\\Seeder->Illuminate\\Database\\{closure}()
#24 D:\\Burhan\\Chat-Two\\chat-app-laravel\\vendor\\laravel\\framework\\src\\Illuminate\\Database\\Seeder.php(61): Illuminate\\Database\\Seeder->__invoke(Array)
#25 D:\\Burhan\\Chat-Two\\chat-app-laravel\\database\\seeders\\DatabaseSeeder.php(13): Illuminate\\Database\\Seeder->call('Database\\\\Seeder...')
#26 D:\\Burhan\\Chat-Two\\chat-app-laravel\\vendor\\laravel\\framework\\src\\Illuminate\\Container\\BoundMethod.php(36): Database\\Seeders\\DatabaseSeeder->run()
#27 D:\\Burhan\\Chat-Two\\chat-app-laravel\\vendor\\laravel\\framework\\src\\Illuminate\\Container\\Util.php(43): Illuminate\\Container\\BoundMethod::Illuminate\\Container\\{closure}()
#28 D:\\Burhan\\Chat-Two\\chat-app-laravel\\vendor\\laravel\\framework\\src\\Illuminate\\Container\\BoundMethod.php(96): Illuminate\\Container\\Util::unwrapIfClosure(Object(Closure))
#29 D:\\Burhan\\Chat-Two\\chat-app-laravel\\vendor\\laravel\\framework\\src\\Illuminate\\Container\\BoundMethod.php(35): Illuminate\\Container\\BoundMethod::callBoundMethod(Object(Illuminate\\Foundation\\Application), Array, Object(Closure))
#30 D:\\Burhan\\Chat-Two\\chat-app-laravel\\vendor\\laravel\\framework\\src\\Illuminate\\Container\\Container.php(835): Illuminate\\Container\\BoundMethod::call(Object(Illuminate\\Foundation\\Application), Array, Array, NULL)
#31 D:\\Burhan\\Chat-Two\\chat-app-laravel\\vendor\\laravel\\framework\\src\\Illuminate\\Database\\Seeder.php(188): Illuminate\\Container\\Container->call(Array, Array)
#32 D:\\Burhan\\Chat-Two\\chat-app-laravel\\vendor\\laravel\\framework\\src\\Illuminate\\Database\\Seeder.php(197): Illuminate\\Database\\Seeder->Illuminate\\Database\\{closure}()
#33 D:\\Burhan\\Chat-Two\\chat-app-laravel\\vendor\\laravel\\framework\\src\\Illuminate\\Database\\Console\\Seeds\\SeedCommand.php(71): Illuminate\\Database\\Seeder->__invoke()
#34 D:\\Burhan\\Chat-Two\\chat-app-laravel\\vendor\\laravel\\framework\\src\\Illuminate\\Database\\Eloquent\\Concerns\\GuardsAttributes.php(157): Illuminate\\Database\\Console\\Seeds\\SeedCommand->Illuminate\\Database\\Console\\Seeds\\{closure}()
#35 D:\\Burhan\\Chat-Two\\chat-app-laravel\\vendor\\laravel\\framework\\src\\Illuminate\\Database\\Console\\Seeds\\SeedCommand.php(70): Illuminate\\Database\\Eloquent\\Model::unguarded(Object(Closure))
#36 D:\\Burhan\\Chat-Two\\chat-app-laravel\\vendor\\laravel\\framework\\src\\Illuminate\\Container\\BoundMethod.php(36): Illuminate\\Database\\Console\\Seeds\\SeedCommand->handle()
#37 D:\\Burhan\\Chat-Two\\chat-app-laravel\\vendor\\laravel\\framework\\src\\Illuminate\\Container\\Util.php(43): Illuminate\\Container\\BoundMethod::Illuminate\\Container\\{closure}()
#38 D:\\Burhan\\Chat-Two\\chat-app-laravel\\vendor\\laravel\\framework\\src\\Illuminate\\Container\\BoundMethod.php(96): Illuminate\\Container\\Util::unwrapIfClosure(Object(Closure))
#39 D:\\Burhan\\Chat-Two\\chat-app-laravel\\vendor\\laravel\\framework\\src\\Illuminate\\Container\\BoundMethod.php(35): Illuminate\\Container\\BoundMethod::callBoundMethod(Object(Illuminate\\Foundation\\Application), Array, Object(Closure))
#40 D:\\Burhan\\Chat-Two\\chat-app-laravel\\vendor\\laravel\\framework\\src\\Illuminate\\Container\\Container.php(835): Illuminate\\Container\\BoundMethod::call(Object(Illuminate\\Foundation\\Application), Array, Array, NULL)
#41 D:\\Burhan\\Chat-Two\\chat-app-laravel\\vendor\\laravel\\framework\\src\\Illuminate\\Console\\Command.php(211): Illuminate\\Container\\Container->call(Array)
#42 D:\\Burhan\\Chat-Two\\chat-app-laravel\\vendor\\symfony\\console\\Command\\Command.php(318): Illuminate\\Console\\Command->execute(Object(Symfony\\Component\\Console\\Input\\ArgvInput), Object(Illuminate\\Console\\OutputStyle))
#43 D:\\Burhan\\Chat-Two\\chat-app-laravel\\vendor\\laravel\\framework\\src\\Illuminate\\Console\\Command.php(180): Symfony\\Component\\Console\\Command\\Command->run(Object(Symfony\\Component\\Console\\Input\\ArgvInput), Object(Illuminate\\Console\\OutputStyle))
#44 D:\\Burhan\\Chat-Two\\chat-app-laravel\\vendor\\symfony\\console\\Application.php(1092): Illuminate\\Console\\Command->run(Object(Symfony\\Component\\Console\\Input\\ArgvInput), Object(Symfony\\Component\\Console\\Output\\ConsoleOutput))
#45 D:\\Burhan\\Chat-Two\\chat-app-laravel\\vendor\\symfony\\console\\Application.php(341): Symfony\\Component\\Console\\Application->doRunCommand(Object(Illuminate\\Database\\Console\\Seeds\\SeedCommand), Object(Symfony\\Component\\Console\\Input\\ArgvInput), Object(Symfony\\Component\\Console\\Output\\ConsoleOutput))
#46 D:\\Burhan\\Chat-Two\\chat-app-laravel\\vendor\\symfony\\console\\Application.php(192): Symfony\\Component\\Console\\Application->doRun(Object(Symfony\\Component\\Console\\Input\\ArgvInput), Object(Symfony\\Component\\Console\\Output\\ConsoleOutput))
#47 D:\\Burhan\\Chat-Two\\chat-app-laravel\\vendor\\laravel\\framework\\src\\Illuminate\\Foundation\\Console\\Kernel.php(197): Symfony\\Component\\Console\\Application->run(Object(Symfony\\Component\\Console\\Input\\ArgvInput), Object(Symfony\\Component\\Console\\Output\\ConsoleOutput))
#48 D:\\Burhan\\Chat-Two\\chat-app-laravel\\vendor\\laravel\\framework\\src\\Illuminate\\Foundation\\Application.php(1234): Illuminate\\Foundation\\Console\\Kernel->handle(Object(Symfony\\Component\\Console\\Input\\ArgvInput), Object(Symfony\\Component\\Console\\Output\\ConsoleOutput))
#49 D:\\Burhan\\Chat-Two\\chat-app-laravel\\artisan(16): Illuminate\\Foundation\\Application->handleCommand(Object(Symfony\\Component\\Console\\Input\\ArgvInput))
#50 {main}

[previous exception] [object] (PDOException(code: 1045): SQLSTATE[HY000] [1045] Access denied for user 'root'@'localhost' (using password: YES) at D:\\Burhan\\Chat-Two\\chat-app-laravel\\vendor\\laravel\\framework\\src\\Illuminate\\Database\\Connectors\\Connector.php:66)
[stacktrace]
#0 D:\\Burhan\\Chat-Two\\chat-app-laravel\\vendor\\laravel\\framework\\src\\Illuminate\\Database\\Connectors\\Connector.php(66): PDO->__construct('mysql:host=127....', 'root', Object(SensitiveParameterValue), Array)
#1 D:\\Burhan\\Chat-Two\\chat-app-laravel\\vendor\\laravel\\framework\\src\\Illuminate\\Database\\Connectors\\Connector.php(85): Illuminate\\Database\\Connectors\\Connector->createPdoConnection('mysql:host=127....', 'root', Object(SensitiveParameterValue), Array)
#2 D:\\Burhan\\Chat-Two\\chat-app-laravel\\vendor\\laravel\\framework\\src\\Illuminate\\Database\\Connectors\\Connector.php(48): Illuminate\\Database\\Connectors\\Connector->tryAgainIfCausedByLostConnection(Object(PDOException), 'mysql:host=127....', 'root', Object(SensitiveParameterValue), Array)
#3 D:\\Burhan\\Chat-Two\\chat-app-laravel\\vendor\\laravel\\framework\\src\\Illuminate\\Database\\Connectors\\MySqlConnector.php(24): Illuminate\\Database\\Connectors\\Connector->createConnection('mysql:host=127....', Array, Array)
#4 D:\\Burhan\\Chat-Two\\chat-app-laravel\\vendor\\laravel\\framework\\src\\Illuminate\\Database\\Connectors\\ConnectionFactory.php(184): Illuminate\\Database\\Connectors\\MySqlConnector->connect(Array)
#5 [internal function]: Illuminate\\Database\\Connectors\\ConnectionFactory->Illuminate\\Database\\Connectors\\{closure}()
#6 D:\\Burhan\\Chat-Two\\chat-app-laravel\\vendor\\laravel\\framework\\src\\Illuminate\\Database\\Connection.php(1230): call_user_func(Object(Closure))
#7 D:\\Burhan\\Chat-Two\\chat-app-laravel\\vendor\\laravel\\framework\\src\\Illuminate\\Database\\MySqlConnection.php(47): Illuminate\\Database\\Connection->getPdo()
#8 D:\\Burhan\\Chat-Two\\chat-app-laravel\\vendor\\laravel\\framework\\src\\Illuminate\\Database\\Connection.php(811): Illuminate\\Database\\MySqlConnection->Illuminate\\Database\\{closure}('insert into `us...', Array)
#9 D:\\Burhan\\Chat-Two\\chat-app-laravel\\vendor\\laravel\\framework\\src\\Illuminate\\Database\\Connection.php(978): Illuminate\\Database\\Connection->runQueryCallback('insert into `us...', Array, Object(Closure))
#10 D:\\Burhan\\Chat-Two\\chat-app-laravel\\vendor\\laravel\\framework\\src\\Illuminate\\Database\\Connection.php(957): Illuminate\\Database\\Connection->tryAgainIfCausedByLostConnection(Object(Illuminate\\Database\\QueryException), 'insert into `us...', Array, Object(Closure))
#11 D:\\Burhan\\Chat-Two\\chat-app-laravel\\vendor\\laravel\\framework\\src\\Illuminate\\Database\\Connection.php(780): Illuminate\\Database\\Connection->handleQueryException(Object(Illuminate\\Database\\QueryException), 'insert into `us...', Array, Object(Closure))
#12 D:\\Burhan\\Chat-Two\\chat-app-laravel\\vendor\\laravel\\framework\\src\\Illuminate\\Database\\MySqlConnection.php(42): Illuminate\\Database\\Connection->run('insert into `us...', Array, Object(Closure))
#13 D:\\Burhan\\Chat-Two\\chat-app-laravel\\vendor\\laravel\\framework\\src\\Illuminate\\Database\\Query\\Processors\\MySqlProcessor.php(35): Illuminate\\Database\\MySqlConnection->insert('insert into `us...', Array, 'id')
#14 D:\\Burhan\\Chat-Two\\chat-app-laravel\\vendor\\laravel\\framework\\src\\Illuminate\\Database\\Query\\Builder.php(3853): Illuminate\\Database\\Query\\Processors\\MySqlProcessor->processInsertGetId(Object(Illuminate\\Database\\Query\\Builder), 'insert into `us...', Array, 'id')
#15 D:\\Burhan\\Chat-Two\\chat-app-laravel\\vendor\\laravel\\framework\\src\\Illuminate\\Database\\Eloquent\\Builder.php(2220): Illuminate\\Database\\Query\\Builder->insertGetId(Array, 'id')
#16 D:\\Burhan\\Chat-Two\\chat-app-laravel\\vendor\\laravel\\framework\\src\\Illuminate\\Database\\Eloquent\\Model.php(1434): Illuminate\\Database\\Eloquent\\Builder->__call('insertGetId', Array)
#17 D:\\Burhan\\Chat-Two\\chat-app-laravel\\vendor\\laravel\\framework\\src\\Illuminate\\Database\\Eloquent\\Model.php(1399): Illuminate\\Database\\Eloquent\\Model->insertAndSetId(Object(Illuminate\\Database\\Eloquent\\Builder), Array)
#18 D:\\Burhan\\Chat-Two\\chat-app-laravel\\vendor\\laravel\\framework\\src\\Illuminate\\Database\\Eloquent\\Model.php(1238): Illuminate\\Database\\Eloquent\\Model->performInsert(Object(Illuminate\\Database\\Eloquent\\Builder))
#19 D:\\Burhan\\Chat-Two\\chat-app-laravel\\vendor\\laravel\\framework\\src\\Illuminate\\Database\\Eloquent\\Builder.php(1204): Illuminate\\Database\\Eloquent\\Model->save()
#20 D:\\Burhan\\Chat-Two\\chat-app-laravel\\vendor\\laravel\\framework\\src\\Illuminate\\Support\\helpers.php(399): Illuminate\\Database\\Eloquent\\Builder->Illuminate\\Database\\Eloquent\\{closure}(Object(App\\Models\\User))
#21 D:\\Burhan\\Chat-Two\\chat-app-laravel\\vendor\\laravel\\framework\\src\\Illuminate\\Database\\Eloquent\\Builder.php(1203): tap(Object(App\\Models\\User), Object(Closure))
#22 D:\\Burhan\\Chat-Two\\chat-app-laravel\\vendor\\laravel\\framework\\src\\Illuminate\\Support\\Traits\\ForwardsCalls.php(23): Illuminate\\Database\\Eloquent\\Builder->create(Array)
#23 D:\\Burhan\\Chat-Two\\chat-app-laravel\\vendor\\laravel\\framework\\src\\Illuminate\\Database\\Eloquent\\Model.php(2525): Illuminate\\Database\\Eloquent\\Model->forwardCallTo(Object(Illuminate\\Database\\Eloquent\\Builder), 'create', Array)
#24 D:\\Burhan\\Chat-Two\\chat-app-laravel\\vendor\\laravel\\framework\\src\\Illuminate\\Database\\Eloquent\\Model.php(2541): Illuminate\\Database\\Eloquent\\Model->__call('create', Array)
#25 D:\\Burhan\\Chat-Two\\chat-app-laravel\\database\\seeders\\UserSeeder.php(13): Illuminate\\Database\\Eloquent\\Model::__callStatic('create', Array)
#26 D:\\Burhan\\Chat-Two\\chat-app-laravel\\vendor\\laravel\\framework\\src\\Illuminate\\Container\\BoundMethod.php(36): Database\\Seeders\\UserSeeder->run()
#27 D:\\Burhan\\Chat-Two\\chat-app-laravel\\vendor\\laravel\\framework\\src\\Illuminate\\Container\\Util.php(43): Illuminate\\Container\\BoundMethod::Illuminate\\Container\\{closure}()
#28 D:\\Burhan\\Chat-Two\\chat-app-laravel\\vendor\\laravel\\framework\\src\\Illuminate\\Container\\BoundMethod.php(96): Illuminate\\Container\\Util::unwrapIfClosure(Object(Closure))
#29 D:\\Burhan\\Chat-Two\\chat-app-laravel\\vendor\\laravel\\framework\\src\\Illuminate\\Container\\BoundMethod.php(35): Illuminate\\Container\\BoundMethod::callBoundMethod(Object(Illuminate\\Foundation\\Application), Array, Object(Closure))
#30 D:\\Burhan\\Chat-Two\\chat-app-laravel\\vendor\\laravel\\framework\\src\\Illuminate\\Container\\Container.php(835): Illuminate\\Container\\BoundMethod::call(Object(Illuminate\\Foundation\\Application), Array, Array, NULL)
#31 D:\\Burhan\\Chat-Two\\chat-app-laravel\\vendor\\laravel\\framework\\src\\Illuminate\\Database\\Seeder.php(188): Illuminate\\Container\\Container->call(Array, Array)
#32 D:\\Burhan\\Chat-Two\\chat-app-laravel\\vendor\\laravel\\framework\\src\\Illuminate\\Database\\Seeder.php(197): Illuminate\\Database\\Seeder->Illuminate\\Database\\{closure}()
#33 D:\\Burhan\\Chat-Two\\chat-app-laravel\\vendor\\laravel\\framework\\src\\Illuminate\\Database\\Seeder.php(61): Illuminate\\Database\\Seeder->__invoke(Array)
#34 D:\\Burhan\\Chat-Two\\chat-app-laravel\\database\\seeders\\DatabaseSeeder.php(13): Illuminate\\Database\\Seeder->call('Database\\\\Seeder...')
#35 D:\\Burhan\\Chat-Two\\chat-app-laravel\\vendor\\laravel\\framework\\src\\Illuminate\\Container\\BoundMethod.php(36): Database\\Seeders\\DatabaseSeeder->run()
#36 D:\\Burhan\\Chat-Two\\chat-app-laravel\\vendor\\laravel\\framework\\src\\Illuminate\\Container\\Util.php(43): Illuminate\\Container\\BoundMethod::Illuminate\\Container\\{closure}()
#37 D:\\Burhan\\Chat-Two\\chat-app-laravel\\vendor\\laravel\\framework\\src\\Illuminate\\Container\\BoundMethod.php(96): Illuminate\\Container\\Util::unwrapIfClosure(Object(Closure))
#38 D:\\Burhan\\Chat-Two\\chat-app-laravel\\vendor\\laravel\\framework\\src\\Illuminate\\Container\\BoundMethod.php(35): Illuminate\\Container\\BoundMethod::callBoundMethod(Object(Illuminate\\Foundation\\Application), Array, Object(Closure))
#39 D:\\Burhan\\Chat-Two\\chat-app-laravel\\vendor\\laravel\\framework\\src\\Illuminate\\Container\\Container.php(835): Illuminate\\Container\\BoundMethod::call(Object(Illuminate\\Foundation\\Application), Array, Array, NULL)
#40 D:\\Burhan\\Chat-Two\\chat-app-laravel\\vendor\\laravel\\framework\\src\\Illuminate\\Database\\Seeder.php(188): Illuminate\\Container\\Container->call(Array, Array)
#41 D:\\Burhan\\Chat-Two\\chat-app-laravel\\vendor\\laravel\\framework\\src\\Illuminate\\Database\\Seeder.php(197): Illuminate\\Database\\Seeder->Illuminate\\Database\\{closure}()
#42 D:\\Burhan\\Chat-Two\\chat-app-laravel\\vendor\\laravel\\framework\\src\\Illuminate\\Database\\Console\\Seeds\\SeedCommand.php(71): Illuminate\\Database\\Seeder->__invoke()
#43 D:\\Burhan\\Chat-Two\\chat-app-laravel\\vendor\\laravel\\framework\\src\\Illuminate\\Database\\Eloquent\\Concerns\\GuardsAttributes.php(157): Illuminate\\Database\\Console\\Seeds\\SeedCommand->Illuminate\\Database\\Console\\Seeds\\{closure}()
#44 D:\\Burhan\\Chat-Two\\chat-app-laravel\\vendor\\laravel\\framework\\src\\Illuminate\\Database\\Console\\Seeds\\SeedCommand.php(70): Illuminate\\Database\\Eloquent\\Model::unguarded(Object(Closure))
#45 D:\\Burhan\\Chat-Two\\chat-app-laravel\\vendor\\laravel\\framework\\src\\Illuminate\\Container\\BoundMethod.php(36): Illuminate\\Database\\Console\\Seeds\\SeedCommand->handle()
#46 D:\\Burhan\\Chat-Two\\chat-app-laravel\\vendor\\laravel\\framework\\src\\Illuminate\\Container\\Util.php(43): Illuminate\\Container\\BoundMethod::Illuminate\\Container\\{closure}()
#47 D:\\Burhan\\Chat-Two\\chat-app-laravel\\vendor\\laravel\\framework\\src\\Illuminate\\Container\\BoundMethod.php(96): Illuminate\\Container\\Util::unwrapIfClosure(Object(Closure))
#48 D:\\Burhan\\Chat-Two\\chat-app-laravel\\vendor\\laravel\\framework\\src\\Illuminate\\Container\\BoundMethod.php(35): Illuminate\\Container\\BoundMethod::callBoundMethod(Object(Illuminate\\Foundation\\Application), Array, Object(Closure))
#49 D:\\Burhan\\Chat-Two\\chat-app-laravel\\vendor\\laravel\\framework\\src\\Illuminate\\Container\\Container.php(835): Illuminate\\Container\\BoundMethod::call(Object(Illuminate\\Foundation\\Application), Array, Array, NULL)
#50 D:\\Burhan\\Chat-Two\\chat-app-laravel\\vendor\\laravel\\framework\\src\\Illuminate\\Console\\Command.php(211): Illuminate\\Container\\Container->call(Array)
#51 D:\\Burhan\\Chat-Two\\chat-app-laravel\\vendor\\symfony\\console\\Command\\Command.php(318): Illuminate\\Console\\Command->execute(Object(Symfony\\Component\\Console\\Input\\ArgvInput), Object(Illuminate\\Console\\OutputStyle))
#52 D:\\Burhan\\Chat-Two\\chat-app-laravel\\vendor\\laravel\\framework\\src\\Illuminate\\Console\\Command.php(180): Symfony\\Component\\Console\\Command\\Command->run(Object(Symfony\\Component\\Console\\Input\\ArgvInput), Object(Illuminate\\Console\\OutputStyle))
#53 D:\\Burhan\\Chat-Two\\chat-app-laravel\\vendor\\symfony\\console\\Application.php(1092): Illuminate\\Console\\Command->run(Object(Symfony\\Component\\Console\\Input\\ArgvInput), Object(Symfony\\Component\\Console\\Output\\ConsoleOutput))
#54 D:\\Burhan\\Chat-Two\\chat-app-laravel\\vendor\\symfony\\console\\Application.php(341): Symfony\\Component\\Console\\Application->doRunCommand(Object(Illuminate\\Database\\Console\\Seeds\\SeedCommand), Object(Symfony\\Component\\Console\\Input\\ArgvInput), Object(Symfony\\Component\\Console\\Output\\ConsoleOutput))
#55 D:\\Burhan\\Chat-Two\\chat-app-laravel\\vendor\\symfony\\console\\Application.php(192): Symfony\\Component\\Console\\Application->doRun(Object(Symfony\\Component\\Console\\Input\\ArgvInput), Object(Symfony\\Component\\Console\\Output\\ConsoleOutput))
#56 D:\\Burhan\\Chat-Two\\chat-app-laravel\\vendor\\laravel\\framework\\src\\Illuminate\\Foundation\\Console\\Kernel.php(197): Symfony\\Component\\Console\\Application->run(Object(Symfony\\Component\\Console\\Input\\ArgvInput), Object(Symfony\\Component\\Console\\Output\\ConsoleOutput))
#57 D:\\Burhan\\Chat-Two\\chat-app-laravel\\vendor\\laravel\\framework\\src\\Illuminate\\Foundation\\Application.php(1234): Illuminate\\Foundation\\Console\\Kernel->handle(Object(Symfony\\Component\\Console\\Input\\ArgvInput), Object(Symfony\\Component\\Console\\Output\\ConsoleOutput))
#58 D:\\Burhan\\Chat-Two\\chat-app-laravel\\artisan(16): Illuminate\\Foundation\\Application->handleCommand(Object(Symfony\\Component\\Console\\Input\\ArgvInput))
#59 {main}
"} 
[2026-08-14 23:14:09] local.ERROR: SQLSTATE[23000]: Integrity constraint violation: 1062 Duplicate entry 'admin@gmail.com' for key 'users_email_unique' (Connection: mysql, SQL: insert into `users` (`name`, `email`, `password`, `email_verified_at`, `updated_at`, `created_at`) values (Admin, admin@gmail.com, $2y$12$mdvpL1ypMjEAEEPtublN6OLK2rB0vFsRz6iSHq1y8YKr.dxM2Yh8y, 2026-08-14 23:14:08, 2026-08-14 23:14:08, 2026-08-14 23:14:08)) {"exception":"[object] (Illuminate\\Database\\UniqueConstraintViolationException(code: 23000): SQLSTATE[23000]: Integrity constraint violation: 1062 Duplicate entry 'admin@gmail.com' for key 'users_email_unique' (Connection: mysql, SQL: insert into `users` (`name`, `email`, `password`, `email_verified_at`, `updated_at`, `created_at`) values (Admin, admin@gmail.com, $2y$12$mdvpL1ypMjEAEEPtublN6OLK2rB0vFsRz6iSHq1y8YKr.dxM2Yh8y, 2026-08-14 23:14:08, 2026-08-14 23:14:08, 2026-08-14 23:14:08)) at D:\\Burhan\\Chat-Two\\chat-app-laravel\\vendor\\laravel\\framework\\src\\Illuminate\\Database\\Connection.php:819)
[stacktrace]
#0 D:\\Burhan\\Chat-Two\\chat-app-laravel\\vendor\\laravel\\framework\\src\\Illuminate\\Database\\Connection.php(778): Illuminate\\Database\\Connection->runQueryCallback('insert into `us...', Array, Object(Closure))
#1 D:\\Burhan\\Chat-Two\\chat-app-laravel\\vendor\\laravel\\framework\\src\\Illuminate\\Database\\MySqlConnection.php(42): Illuminate\\Database\\Connection->run('insert into `us...', Array, Object(Closure))
#2 D:\\Burhan\\Chat-Two\\chat-app-laravel\\vendor\\laravel\\framework\\src\\Illuminate\\Database\\Query\\Processors\\MySqlProcessor.php(35): Illuminate\\Database\\MySqlConnection->insert('insert into `us...', Array, 'id')
#3 D:\\Burhan\\Chat-Two\\chat-app-laravel\\vendor\\laravel\\framework\\src\\Illuminate\\Database\\Query\\Builder.php(3853): Illuminate\\Database\\Query\\Processors\\MySqlProcessor->processInsertGetId(Object(Illuminate\\Database\\Query\\Builder), 'insert into `us...', Array, 'id')
#4 D:\\Burhan\\Chat-Two\\chat-app-laravel\\vendor\\laravel\\framework\\src\\Illuminate\\Database\\Eloquent\\Builder.php(2220): Illuminate\\Database\\Query\\Builder->insertGetId(Array, 'id')
#5 D:\\Burhan\\Chat-Two\\chat-app-laravel\\vendor\\laravel\\framework\\src\\Illuminate\\Database\\Eloquent\\Model.php(1434): Illuminate\\Database\\Eloquent\\Builder->__call('insertGetId', Array)
#6 D:\\Burhan\\Chat-Two\\chat-app-laravel\\vendor\\laravel\\framework\\src\\Illuminate\\Database\\Eloquent\\Model.php(1399): Illuminate\\Database\\Eloquent\\Model->insertAndSetId(Object(Illuminate\\Database\\Eloquent\\Builder), Array)
#7 D:\\Burhan\\Chat-Two\\chat-app-laravel\\vendor\\laravel\\framework\\src\\Illuminate\\Database\\Eloquent\\Model.php(1238): Illuminate\\Database\\Eloquent\\Model->performInsert(Object(Illuminate\\Database\\Eloquent\\Builder))
#8 D:\\Burhan\\Chat-Two\\chat-app-laravel\\vendor\\laravel\\framework\\src\\Illuminate\\Database\\Eloquent\\Builder.php(1204): Illuminate\\Database\\Eloquent\\Model->save()
#9 D:\\Burhan\\Chat-Two\\chat-app-laravel\\vendor\\laravel\\framework\\src\\Illuminate\\Support\\helpers.php(399): Illuminate\\Database\\Eloquent\\Builder->Illuminate\\Database\\Eloquent\\{closure}(Object(App\\Models\\User))
#10 D:\\Burhan\\Chat-Two\\chat-app-laravel\\vendor\\laravel\\framework\\src\\Illuminate\\Database\\Eloquent\\Builder.php(1203): tap(Object(App\\Models\\User), Object(Closure))
#11 D:\\Burhan\\Chat-Two\\chat-app-laravel\\vendor\\laravel\\framework\\src\\Illuminate\\Support\\Traits\\ForwardsCalls.php(23): Illuminate\\Database\\Eloquent\\Builder->create(Array)
#12 D:\\Burhan\\Chat-Two\\chat-app-laravel\\vendor\\laravel\\framework\\src\\Illuminate\\Database\\Eloquent\\Model.php(2525): Illuminate\\Database\\Eloquent\\Model->forwardCallTo(Object(Illuminate\\Database\\Eloquent\\Builder), 'create', Array)
#13 D:\\Burhan\\Chat-Two\\chat-app-laravel\\vendor\\laravel\\framework\\src\\Illuminate\\Database\\Eloquent\\Model.php(2541): Illuminate\\Database\\Eloquent\\Model->__call('create', Array)
#14 D:\\Burhan\\Chat-Two\\chat-app-laravel\\database\\seeders\\UserSeeder.php(13): Illuminate\\Database\\Eloquent\\Model::__callStatic('create', Array)
#15 D:\\Burhan\\Chat-Two\\chat-app-laravel\\vendor\\laravel\\framework\\src\\Illuminate\\Container\\BoundMethod.php(36): Database\\Seeders\\UserSeeder->run()
#16 D:\\Burhan\\Chat-Two\\chat-app-laravel\\vendor\\laravel\\framework\\src\\Illuminate\\Container\\Util.php(43): Illuminate\\Container\\BoundMethod::Illuminate\\Container\\{closure}()
#17 D:\\Burhan\\Chat-Two\\chat-app-laravel\\vendor\\laravel\\framework\\src\\Illuminate\\Container\\BoundMethod.php(96): Illuminate\\Container\\Util::unwrapIfClosure(Object(Closure))
#18 D:\\Burhan\\Chat-Two\\chat-app-laravel\\vendor\\laravel\\framework\\src\\Illuminate\\Container\\BoundMethod.php(35): Illuminate\\Container\\BoundMethod::callBoundMethod(Object(Illuminate\\Foundation\\Application), Array, Object(Closure))
#19 D:\\Burhan\\Chat-Two\\chat-app-laravel\\vendor\\laravel\\framework\\src\\Illuminate\\Container\\Container.php(835): Illuminate\\Container\\BoundMethod::call(Object(Illuminate\\Foundation\\Application), Array, Array, NULL)
#20 D:\\Burhan\\Chat-Two\\chat-app-laravel\\vendor\\laravel\\framework\\src\\Illuminate\\Database\\Seeder.php(188): Illuminate\\Container\\Container->call(Array, Array)
#21 D:\\Burhan\\Chat-Two\\chat-app-laravel\\vendor\\laravel\\framework\\src\\Illuminate\\Database\\Seeder.php(197): Illuminate\\Database\\Seeder->Illuminate\\Database\\{closure}()
#22 D:\\Burhan\\Chat-Two\\chat-app-laravel\\vendor\\laravel\\framework\\src\\Illuminate\\Database\\Seeder.php(61): Illuminate\\Database\\Seeder->__invoke(Array)
#23 D:\\Burhan\\Chat-Two\\chat-app-laravel\\database\\seeders\\DatabaseSeeder.php(13): Illuminate\\Database\\Seeder->call('Database\\\\Seeder...')
#24 D:\\Burhan\\Chat-Two\\chat-app-laravel\\vendor\\laravel\\framework\\src\\Illuminate\\Container\\BoundMethod.php(36): Database\\Seeders\\DatabaseSeeder->run()
#25 D:\\Burhan\\Chat-Two\\chat-app-laravel\\vendor\\laravel\\framework\\src\\Illuminate\\Container\\Util.php(43): Illuminate\\Container\\BoundMethod::Illuminate\\Container\\{closure}()
#26 D:\\Burhan\\Chat-Two\\chat-app-laravel\\vendor\\laravel\\framework\\src\\Illuminate\\Container\\BoundMethod.php(96): Illuminate\\Container\\Util::unwrapIfClosure(Object(Closure))
#27 D:\\Burhan\\Chat-Two\\chat-app-laravel\\vendor\\laravel\\framework\\src\\Illuminate\\Container\\BoundMethod.php(35): Illuminate\\Container\\BoundMethod::callBoundMethod(Object(Illuminate\\Foundation\\Application), Array, Object(Closure))
#28 D:\\Burhan\\Chat-Two\\chat-app-laravel\\vendor\\laravel\\framework\\src\\Illuminate\\Container\\Container.php(835): Illuminate\\Container\\BoundMethod::call(Object(Illuminate\\Foundation\\Application), Array, Array, NULL)
#29 D:\\Burhan\\Chat-Two\\chat-app-laravel\\vendor\\laravel\\framework\\src\\Illuminate\\Database\\Seeder.php(188): Illuminate\\Container\\Container->call(Array, Array)
#30 D:\\Burhan\\Chat-Two\\chat-app-laravel\\vendor\\laravel\\framework\\src\\Illuminate\\Database\\Seeder.php(197): Illuminate\\Database\\Seeder->Illuminate\\Database\\{closure}()
#31 D:\\Burhan\\Chat-Two\\chat-app-laravel\\vendor\\laravel\\framework\\src\\Illuminate\\Database\\Console\\Seeds\\SeedCommand.php(71): Illuminate\\Database\\Seeder->__invoke()
#32 D:\\Burhan\\Chat-Two\\chat-app-laravel\\vendor\\laravel\\framework\\src\\Illuminate\\Database\\Eloquent\\Concerns\\GuardsAttributes.php(157): Illuminate\\Database\\Console\\Seeds\\SeedCommand->Illuminate\\Database\\Console\\Seeds\\{closure}()
#33 D:\\Burhan\\Chat-Two\\chat-app-laravel\\vendor\\laravel\\framework\\src\\Illuminate\\Database\\Console\\Seeds\\SeedCommand.php(70): Illuminate\\Database\\Eloquent\\Model::unguarded(Object(Closure))
#34 D:\\Burhan\\Chat-Two\\chat-app-laravel\\vendor\\laravel\\framework\\src\\Illuminate\\Container\\BoundMethod.php(36): Illuminate\\Database\\Console\\Seeds\\SeedCommand->handle()
#35 D:\\Burhan\\Chat-Two\\chat-app-laravel\\vendor\\laravel\\framework\\src\\Illuminate\\Container\\Util.php(43): Illuminate\\Container\\BoundMethod::Illuminate\\Container\\{closure}()
#36 D:\\Burhan\\Chat-Two\\chat-app-laravel\\vendor\\laravel\\framework\\src\\Illuminate\\Container\\BoundMethod.php(96): Illuminate\\Container\\Util::unwrapIfClosure(Object(Closure))
#37 D:\\Burhan\\Chat-Two\\chat-app-laravel\\vendor\\laravel\\framework\\src\\Illuminate\\Container\\BoundMethod.php(35): Illuminate\\Container\\BoundMethod::callBoundMethod(Object(Illuminate\\Foundation\\Application), Array, Object(Closure))
#38 D:\\Burhan\\Chat-Two\\chat-app-laravel\\vendor\\laravel\\framework\\src\\Illuminate\\Container\\Container.php(835): Illuminate\\Container\\BoundMethod::call(Object(Illuminate\\Foundation\\Application), Array, Array, NULL)
#39 D:\\Burhan\\Chat-Two\\chat-app-laravel\\vendor\\laravel\\framework\\src\\Illuminate\\Console\\Command.php(211): Illuminate\\Container\\Container->call(Array)
#40 D:\\Burhan\\Chat-Two\\chat-app-laravel\\vendor\\symfony\\console\\Command\\Command.php(318): Illuminate\\Console\\Command->execute(Object(Symfony\\Component\\Console\\Input\\ArgvInput), Object(Illuminate\\Console\\OutputStyle))
#41 D:\\Burhan\\Chat-Two\\chat-app-laravel\\vendor\\laravel\\framework\\src\\Illuminate\\Console\\Command.php(180): Symfony\\Component\\Console\\Command\\Command->run(Object(Symfony\\Component\\Console\\Input\\ArgvInput), Object(Illuminate\\Console\\OutputStyle))
#42 D:\\Burhan\\Chat-Two\\chat-app-laravel\\vendor\\symfony\\console\\Application.php(1092): Illuminate\\Console\\Command->run(Object(Symfony\\Component\\Console\\Input\\ArgvInput), Object(Symfony\\Component\\Console\\Output\\ConsoleOutput))
#43 D:\\Burhan\\Chat-Two\\chat-app-laravel\\vendor\\symfony\\console\\Application.php(341): Symfony\\Component\\Console\\Application->doRunCommand(Object(Illuminate\\Database\\Console\\Seeds\\SeedCommand), Object(Symfony\\Component\\Console\\Input\\ArgvInput), Object(Symfony\\Component\\Console\\Output\\ConsoleOutput))
#44 D:\\Burhan\\Chat-Two\\chat-app-laravel\\vendor\\symfony\\console\\Application.php(192): Symfony\\Component\\Console\\Application->doRun(Object(Symfony\\Component\\Console\\Input\\ArgvInput), Object(Symfony\\Component\\Console\\Output\\ConsoleOutput))
#45 D:\\Burhan\\Chat-Two\\chat-app-laravel\\vendor\\laravel\\framework\\src\\Illuminate\\Foundation\\Console\\Kernel.php(197): Symfony\\Component\\Console\\Application->run(Object(Symfony\\Component\\Console\\Input\\ArgvInput), Object(Symfony\\Component\\Console\\Output\\ConsoleOutput))
#46 D:\\Burhan\\Chat-Two\\chat-app-laravel\\vendor\\laravel\\framework\\src\\Illuminate\\Foundation\\Application.php(1234): Illuminate\\Foundation\\Console\\Kernel->handle(Object(Symfony\\Component\\Console\\Input\\ArgvInput), Object(Symfony\\Component\\Console\\Output\\ConsoleOutput))
#47 D:\\Burhan\\Chat-Two\\chat-app-laravel\\artisan(16): Illuminate\\Foundation\\Application->handleCommand(Object(Symfony\\Component\\Console\\Input\\ArgvInput))
#48 {main}

[previous exception] [object] (PDOException(code: 23000): SQLSTATE[23000]: Integrity constraint violation: 1062 Duplicate entry 'admin@gmail.com' for key 'users_email_unique' at D:\\Burhan\\Chat-Two\\chat-app-laravel\\vendor\\laravel\\framework\\src\\Illuminate\\Database\\MySqlConnection.php:53)
[stacktrace]
#0 D:\\Burhan\\Chat-Two\\chat-app-laravel\\vendor\\laravel\\framework\\src\\Illuminate\\Database\\MySqlConnection.php(53): PDOStatement->execute()
#1 D:\\Burhan\\Chat-Two\\chat-app-laravel\\vendor\\laravel\\framework\\src\\Illuminate\\Database\\Connection.php(811): Illuminate\\Database\\MySqlConnection->Illuminate\\Database\\{closure}('insert into `us...', Array)
#2 D:\\Burhan\\Chat-Two\\chat-app-laravel\\vendor\\laravel\\framework\\src\\Illuminate\\Database\\Connection.php(778): Illuminate\\Database\\Connection->runQueryCallback('insert into `us...', Array, Object(Closure))
#3 D:\\Burhan\\Chat-Two\\chat-app-laravel\\vendor\\laravel\\framework\\src\\Illuminate\\Database\\MySqlConnection.php(42): Illuminate\\Database\\Connection->run('insert into `us...', Array, Object(Closure))
#4 D:\\Burhan\\Chat-Two\\chat-app-laravel\\vendor\\laravel\\framework\\src\\Illuminate\\Database\\Query\\Processors\\MySqlProcessor.php(35): Illuminate\\Database\\MySqlConnection->insert('insert into `us...', Array, 'id')
#5 D:\\Burhan\\Chat-Two\\chat-app-laravel\\vendor\\laravel\\framework\\src\\Illuminate\\Database\\Query\\Builder.php(3853): Illuminate\\Database\\Query\\Processors\\MySqlProcessor->processInsertGetId(Object(Illuminate\\Database\\Query\\Builder), 'insert into `us...', Array, 'id')
#6 D:\\Burhan\\Chat-Two\\chat-app-laravel\\vendor\\laravel\\framework\\src\\Illuminate\\Database\\Eloquent\\Builder.php(2220): Illuminate\\Database\\Query\\Builder->insertGetId(Array, 'id')
#7 D:\\Burhan\\Chat-Two\\chat-app-laravel\\vendor\\laravel\\framework\\src\\Illuminate\\Database\\Eloquent\\Model.php(1434): Illuminate\\Database\\Eloquent\\Builder->__call('insertGetId', Array)
#8 D:\\Burhan\\Chat-Two\\chat-app-laravel\\vendor\\laravel\\framework\\src\\Illuminate\\Database\\Eloquent\\Model.php(1399): Illuminate\\Database\\Eloquent\\Model->insertAndSetId(Object(Illuminate\\Database\\Eloquent\\Builder), Array)
#9 D:\\Burhan\\Chat-Two\\chat-app-laravel\\vendor\\laravel\\framework\\src\\Illuminate\\Database\\Eloquent\\Model.php(1238): Illuminate\\Database\\Eloquent\\Model->performInsert(Object(Illuminate\\Database\\Eloquent\\Builder))
#10 D:\\Burhan\\Chat-Two\\chat-app-laravel\\vendor\\laravel\\framework\\src\\Illuminate\\Database\\Eloquent\\Builder.php(1204): Illuminate\\Database\\Eloquent\\Model->save()
#11 D:\\Burhan\\Chat-Two\\chat-app-laravel\\vendor\\laravel\\framework\\src\\Illuminate\\Support\\helpers.php(399): Illuminate\\Database\\Eloquent\\Builder->Illuminate\\Database\\Eloquent\\{closure}(Object(App\\Models\\User))
#12 D:\\Burhan\\Chat-Two\\chat-app-laravel\\vendor\\laravel\\framework\\src\\Illuminate\\Database\\Eloquent\\Builder.php(1203): tap(Object(App\\Models\\User), Object(Closure))
#13 D:\\Burhan\\Chat-Two\\chat-app-laravel\\vendor\\laravel\\framework\\src\\Illuminate\\Support\\Traits\\ForwardsCalls.php(23): Illuminate\\Database\\Eloquent\\Builder->create(Array)
#14 D:\\Burhan\\Chat-Two\\chat-app-laravel\\vendor\\laravel\\framework\\src\\Illuminate\\Database\\Eloquent\\Model.php(2525): Illuminate\\Database\\Eloquent\\Model->forwardCallTo(Object(Illuminate\\Database\\Eloquent\\Builder), 'create', Array)
#15 D:\\Burhan\\Chat-Two\\chat-app-laravel\\vendor\\laravel\\framework\\src\\Illuminate\\Database\\Eloquent\\Model.php(2541): Illuminate\\Database\\Eloquent\\Model->__call('create', Array)
#16 D:\\Burhan\\Chat-Two\\chat-app-laravel\\database\\seeders\\UserSeeder.php(13): Illuminate\\Database\\Eloquent\\Model::__callStatic('create', Array)
#17 D:\\Burhan\\Chat-Two\\chat-app-laravel\\vendor\\laravel\\framework\\src\\Illuminate\\Container\\BoundMethod.php(36): Database\\Seeders\\UserSeeder->run()
#18 D:\\Burhan\\Chat-Two\\chat-app-laravel\\vendor\\laravel\\framework\\src\\Illuminate\\Container\\Util.php(43): Illuminate\\Container\\BoundMethod::Illuminate\\Container\\{closure}()
#19 D:\\Burhan\\Chat-Two\\chat-app-laravel\\vendor\\laravel\\framework\\src\\Illuminate\\Container\\BoundMethod.php(96): Illuminate\\Container\\Util::unwrapIfClosure(Object(Closure))
#20 D:\\Burhan\\Chat-Two\\chat-app-laravel\\vendor\\laravel\\framework\\src\\Illuminate\\Container\\BoundMethod.php(35): Illuminate\\Container\\BoundMethod::callBoundMethod(Object(Illuminate\\Foundation\\Application), Array, Object(Closure))
#21 D:\\Burhan\\Chat-Two\\chat-app-laravel\\vendor\\laravel\\framework\\src\\Illuminate\\Container\\Container.php(835): Illuminate\\Container\\BoundMethod::call(Object(Illuminate\\Foundation\\Application), Array, Array, NULL)
#22 D:\\Burhan\\Chat-Two\\chat-app-laravel\\vendor\\laravel\\framework\\src\\Illuminate\\Database\\Seeder.php(188): Illuminate\\Container\\Container->call(Array, Array)
#23 D:\\Burhan\\Chat-Two\\chat-app-laravel\\vendor\\laravel\\framework\\src\\Illuminate\\Database\\Seeder.php(197): Illuminate\\Database\\Seeder->Illuminate\\Database\\{closure}()
#24 D:\\Burhan\\Chat-Two\\chat-app-laravel\\vendor\\laravel\\framework\\src\\Illuminate\\Database\\Seeder.php(61): Illuminate\\Database\\Seeder->__invoke(Array)
#25 D:\\Burhan\\Chat-Two\\chat-app-laravel\\database\\seeders\\DatabaseSeeder.php(13): Illuminate\\Database\\Seeder->call('Database\\\\Seeder...')
#26 D:\\Burhan\\Chat-Two\\chat-app-laravel\\vendor\\laravel\\framework\\src\\Illuminate\\Container\\BoundMethod.php(36): Database\\Seeders\\DatabaseSeeder->run()
#27 D:\\Burhan\\Chat-Two\\chat-app-laravel\\vendor\\laravel\\framework\\src\\Illuminate\\Container\\Util.php(43): Illuminate\\Container\\BoundMethod::Illuminate\\Container\\{closure}()
#28 D:\\Burhan\\Chat-Two\\chat-app-laravel\\vendor\\laravel\\framework\\src\\Illuminate\\Container\\BoundMethod.php(96): Illuminate\\Container\\Util::unwrapIfClosure(Object(Closure))
#29 D:\\Burhan\\Chat-Two\\chat-app-laravel\\vendor\\laravel\\framework\\src\\Illuminate\\Container\\BoundMethod.php(35): Illuminate\\Container\\BoundMethod::callBoundMethod(Object(Illuminate\\Foundation\\Application), Array, Object(Closure))
#30 D:\\Burhan\\Chat-Two\\chat-app-laravel\\vendor\\laravel\\framework\\src\\Illuminate\\Container\\Container.php(835): Illuminate\\Container\\BoundMethod::call(Object(Illuminate\\Foundation\\Application), Array, Array, NULL)
#31 D:\\Burhan\\Chat-Two\\chat-app-laravel\\vendor\\laravel\\framework\\src\\Illuminate\\Database\\Seeder.php(188): Illuminate\\Container\\Container->call(Array, Array)
#32 D:\\Burhan\\Chat-Two\\chat-app-laravel\\vendor\\laravel\\framework\\src\\Illuminate\\Database\\Seeder.php(197): Illuminate\\Database\\Seeder->Illuminate\\Database\\{closure}()
#33 D:\\Burhan\\Chat-Two\\chat-app-laravel\\vendor\\laravel\\framework\\src\\Illuminate\\Database\\Console\\Seeds\\SeedCommand.php(71): Illuminate\\Database\\Seeder->__invoke()
#34 D:\\Burhan\\Chat-Two\\chat-app-laravel\\vendor\\laravel\\framework\\src\\Illuminate\\Database\\Eloquent\\Concerns\\GuardsAttributes.php(157): Illuminate\\Database\\Console\\Seeds\\SeedCommand->Illuminate\\Database\\Console\\Seeds\\{closure}()
#35 D:\\Burhan\\Chat-Two\\chat-app-laravel\\vendor\\laravel\\framework\\src\\Illuminate\\Database\\Console\\Seeds\\SeedCommand.php(70): Illuminate\\Database\\Eloquent\\Model::unguarded(Object(Closure))
#36 D:\\Burhan\\Chat-Two\\chat-app-laravel\\vendor\\laravel\\framework\\src\\Illuminate\\Container\\BoundMethod.php(36): Illuminate\\Database\\Console\\Seeds\\SeedCommand->handle()
#37 D:\\Burhan\\Chat-Two\\chat-app-laravel\\vendor\\laravel\\framework\\src\\Illuminate\\Container\\Util.php(43): Illuminate\\Container\\BoundMethod::Illuminate\\Container\\{closure}()
#38 D:\\Burhan\\Chat-Two\\chat-app-laravel\\vendor\\laravel\\framework\\src\\Illuminate\\Container\\BoundMethod.php(96): Illuminate\\Container\\Util::unwrapIfClosure(Object(Closure))
#39 D:\\Burhan\\Chat-Two\\chat-app-laravel\\vendor\\laravel\\framework\\src\\Illuminate\\Container\\BoundMethod.php(35): Illuminate\\Container\\BoundMethod::callBoundMethod(Object(Illuminate\\Foundation\\Application), Array, Object(Closure))
#40 D:\\Burhan\\Chat-Two\\chat-app-laravel\\vendor\\laravel\\framework\\src\\Illuminate\\Container\\Container.php(835): Illuminate\\Container\\BoundMethod::call(Object(Illuminate\\Foundation\\Application), Array, Array, NULL)
#41 D:\\Burhan\\Chat-Two\\chat-app-laravel\\vendor\\laravel\\framework\\src\\Illuminate\\Console\\Command.php(211): Illuminate\\Container\\Container->call(Array)
#42 D:\\Burhan\\Chat-Two\\chat-app-laravel\\vendor\\symfony\\console\\Command\\Command.php(318): Illuminate\\Console\\Command->execute(Object(Symfony\\Component\\Console\\Input\\ArgvInput), Object(Illuminate\\Console\\OutputStyle))
#43 D:\\Burhan\\Chat-Two\\chat-app-laravel\\vendor\\laravel\\framework\\src\\Illuminate\\Console\\Command.php(180): Symfony\\Component\\Console\\Command\\Command->run(Object(Symfony\\Component\\Console\\Input\\ArgvInput), Object(Illuminate\\Console\\OutputStyle))
#44 D:\\Burhan\\Chat-Two\\chat-app-laravel\\vendor\\symfony\\console\\Application.php(1092): Illuminate\\Console\\Command->run(Object(Symfony\\Component\\Console\\Input\\ArgvInput), Object(Symfony\\Component\\Console\\Output\\ConsoleOutput))
#45 D:\\Burhan\\Chat-Two\\chat-app-laravel\\vendor\\symfony\\console\\Application.php(341): Symfony\\Component\\Console\\Application->doRunCommand(Object(Illuminate\\Database\\Console\\Seeds\\SeedCommand), Object(Symfony\\Component\\Console\\Input\\ArgvInput), Object(Symfony\\Component\\Console\\Output\\ConsoleOutput))
#46 D:\\Burhan\\Chat-Two\\chat-app-laravel\\vendor\\symfony\\console\\Application.php(192): Symfony\\Component\\Console\\Application->doRun(Object(Symfony\\Component\\Console\\Input\\ArgvInput), Object(Symfony\\Component\\Console\\Output\\ConsoleOutput))
#47 D:\\Burhan\\Chat-Two\\chat-app-laravel\\vendor\\laravel\\framework\\src\\Illuminate\\Foundation\\Console\\Kernel.php(197): Symfony\\Component\\Console\\Application->run(Object(Symfony\\Component\\Console\\Input\\ArgvInput), Object(Symfony\\Component\\Console\\Output\\ConsoleOutput))
#48 D:\\Burhan\\Chat-Two\\chat-app-laravel\\vendor\\laravel\\framework\\src\\Illuminate\\Foundation\\Application.php(1234): Illuminate\\Foundation\\Console\\Kernel->handle(Object(Symfony\\Component\\Console\\Input\\ArgvInput), Object(Symfony\\Component\\Console\\Output\\ConsoleOutput))
#49 D:\\Burhan\\Chat-Two\\chat-app-laravel\\artisan(16): Illuminate\\Foundation\\Application->handleCommand(Object(Symfony\\Component\\Console\\Input\\ArgvInput))
#50 {main}
"} 
[2026-08-14 23:24:07] local.ERROR: SQLSTATE[HY000] [2002] No connection could be made because the target machine actively refused it (Connection: mysql, SQL: select * from `cache` where `key` in (laravel_cache_illuminate:queue:restart)) {"exception":"[object] (Illuminate\\Database\\QueryException(code: 2002): SQLSTATE[HY000] [2002] No connection could be made because the target machine actively refused it (Connection: mysql, SQL: select * from `cache` where `key` in (laravel_cache_illuminate:queue:restart)) at D:\\Burhan\\Chat-Two\\chat-app-laravel\\vendor\\laravel\\framework\\src\\Illuminate\\Database\\Connection.php:824)
[stacktrace]
#0 D:\\Burhan\\Chat-Two\\chat-app-laravel\\vendor\\laravel\\framework\\src\\Illuminate\\Database\\Connection.php(978): Illuminate\\Database\\Connection->runQueryCallback('select * from `...', Array, Object(Closure))
#1 D:\\Burhan\\Chat-Two\\chat-app-laravel\\vendor\\laravel\\framework\\src\\Illuminate\\Database\\Connection.php(957): Illuminate\\Database\\Connection->tryAgainIfCausedByLostConnection(Object(Illuminate\\Database\\QueryException), 'select * from `...', Array, Object(Closure))
#2 D:\\Burhan\\Chat-Two\\chat-app-laravel\\vendor\\laravel\\framework\\src\\Illuminate\\Database\\Connection.php(780): Illuminate\\Database\\Connection->handleQueryException(Object(Illuminate\\Database\\QueryException), 'select * from `...', Array, Object(Closure))
#3 D:\\Burhan\\Chat-Two\\chat-app-laravel\\vendor\\laravel\\framework\\src\\Illuminate\\Database\\Connection.php(397): Illuminate\\Database\\Connection->run('select * from `...', Array, Object(Closure))
#4 D:\\Burhan\\Chat-Two\\chat-app-laravel\\vendor\\laravel\\framework\\src\\Illuminate\\Database\\Query\\Builder.php(3188): Illuminate\\Database\\Connection->select('select * from `...', Array, true)
#5 D:\\Burhan\\Chat-Two\\chat-app-laravel\\vendor\\laravel\\framework\\src\\Illuminate\\Database\\Query\\Builder.php(3173): Illuminate\\Database\\Query\\Builder->runSelect()
#6 D:\\Burhan\\Chat-Two\\chat-app-laravel\\vendor\\laravel\\framework\\src\\Illuminate\\Database\\Query\\Builder.php(3763): Illuminate\\Database\\Query\\Builder->Illuminate\\Database\\Query\\{closure}()
#7 D:\\Burhan\\Chat-Two\\chat-app-laravel\\vendor\\laravel\\framework\\src\\Illuminate\\Database\\Query\\Builder.php(3172): Illuminate\\Database\\Query\\Builder->onceWithColumns(Array, Object(Closure))
#8 D:\\Burhan\\Chat-Two\\chat-app-laravel\\vendor\\laravel\\framework\\src\\Illuminate\\Cache\\DatabaseStore.php(130): Illuminate\\Database\\Query\\Builder->get()
#9 D:\\Burhan\\Chat-Two\\chat-app-laravel\\vendor\\laravel\\framework\\src\\Illuminate\\Cache\\DatabaseStore.php(105): Illuminate\\Cache\\DatabaseStore->many(Array)
#10 D:\\Burhan\\Chat-Two\\chat-app-laravel\\vendor\\laravel\\framework\\src\\Illuminate\\Cache\\Repository.php(119): Illuminate\\Cache\\DatabaseStore->get('illuminate:queu...')
#11 D:\\Burhan\\Chat-Two\\chat-app-laravel\\vendor\\laravel\\framework\\src\\Illuminate\\Queue\\Worker.php(729): Illuminate\\Cache\\Repository->get('illuminate:queu...')
#12 D:\\Burhan\\Chat-Two\\chat-app-laravel\\vendor\\laravel\\framework\\src\\Illuminate\\Queue\\Worker.php(139): Illuminate\\Queue\\Worker->getTimestampOfLastQueueRestart()
#13 D:\\Burhan\\Chat-Two\\chat-app-laravel\\vendor\\laravel\\framework\\src\\Illuminate\\Queue\\Console\\WorkCommand.php(148): Illuminate\\Queue\\Worker->daemon('database', 'default', Object(Illuminate\\Queue\\WorkerOptions))
#14 D:\\Burhan\\Chat-Two\\chat-app-laravel\\vendor\\laravel\\framework\\src\\Illuminate\\Queue\\Console\\WorkCommand.php(131): Illuminate\\Queue\\Console\\WorkCommand->runWorker('database', 'default')
#15 D:\\Burhan\\Chat-Two\\chat-app-laravel\\vendor\\laravel\\framework\\src\\Illuminate\\Container\\BoundMethod.php(36): Illuminate\\Queue\\Console\\WorkCommand->handle()
#16 D:\\Burhan\\Chat-Two\\chat-app-laravel\\vendor\\laravel\\framework\\src\\Illuminate\\Container\\Util.php(43): Illuminate\\Container\\BoundMethod::Illuminate\\Container\\{closure}()
#17 D:\\Burhan\\Chat-Two\\chat-app-laravel\\vendor\\laravel\\framework\\src\\Illuminate\\Container\\BoundMethod.php(96): Illuminate\\Container\\Util::unwrapIfClosure(Object(Closure))
#18 D:\\Burhan\\Chat-Two\\chat-app-laravel\\vendor\\laravel\\framework\\src\\Illuminate\\Container\\BoundMethod.php(35): Illuminate\\Container\\BoundMethod::callBoundMethod(Object(Illuminate\\Foundation\\Application), Array, Object(Closure))
#19 D:\\Burhan\\Chat-Two\\chat-app-laravel\\vendor\\laravel\\framework\\src\\Illuminate\\Container\\Container.php(835): Illuminate\\Container\\BoundMethod::call(Object(Illuminate\\Foundation\\Application), Array, Array, NULL)
#20 D:\\Burhan\\Chat-Two\\chat-app-laravel\\vendor\\laravel\\framework\\src\\Illuminate\\Console\\Command.php(211): Illuminate\\Container\\Container->call(Array)
#21 D:\\Burhan\\Chat-Two\\chat-app-laravel\\vendor\\symfony\\console\\Command\\Command.php(318): Illuminate\\Console\\Command->execute(Object(Symfony\\Component\\Console\\Input\\ArgvInput), Object(Illuminate\\Console\\OutputStyle))
#22 D:\\Burhan\\Chat-Two\\chat-app-laravel\\vendor\\laravel\\framework\\src\\Illuminate\\Console\\Command.php(180): Symfony\\Component\\Console\\Command\\Command->run(Object(Symfony\\Component\\Console\\Input\\ArgvInput), Object(Illuminate\\Console\\OutputStyle))
#23 D:\\Burhan\\Chat-Two\\chat-app-laravel\\vendor\\symfony\\console\\Application.php(1092): Illuminate\\Console\\Command->run(Object(Symfony\\Component\\Console\\Input\\ArgvInput), Object(Symfony\\Component\\Console\\Output\\ConsoleOutput))
#24 D:\\Burhan\\Chat-Two\\chat-app-laravel\\vendor\\symfony\\console\\Application.php(341): Symfony\\Component\\Console\\Application->doRunCommand(Object(Illuminate\\Queue\\Console\\WorkCommand), Object(Symfony\\Component\\Console\\Input\\ArgvInput), Object(Symfony\\Component\\Console\\Output\\ConsoleOutput))
#25 D:\\Burhan\\Chat-Two\\chat-app-laravel\\vendor\\symfony\\console\\Application.php(192): Symfony\\Component\\Console\\Application->doRun(Object(Symfony\\Component\\Console\\Input\\ArgvInput), Object(Symfony\\Component\\Console\\Output\\ConsoleOutput))
#26 D:\\Burhan\\Chat-Two\\chat-app-laravel\\vendor\\laravel\\framework\\src\\Illuminate\\Foundation\\Console\\Kernel.php(197): Symfony\\Component\\Console\\Application->run(Object(Symfony\\Component\\Console\\Input\\ArgvInput), Object(Symfony\\Component\\Console\\Output\\ConsoleOutput))
#27 D:\\Burhan\\Chat-Two\\chat-app-laravel\\vendor\\laravel\\framework\\src\\Illuminate\\Foundation\\Application.php(1234): Illuminate\\Foundation\\Console\\Kernel->handle(Object(Symfony\\Component\\Console\\Input\\ArgvInput), Object(Symfony\\Component\\Console\\Output\\ConsoleOutput))
#28 D:\\Burhan\\Chat-Two\\chat-app-laravel\\artisan(16): Illuminate\\Foundation\\Application->handleCommand(Object(Symfony\\Component\\Console\\Input\\ArgvInput))
#29 {main}

[previous exception] [object] (PDOException(code: 2002): SQLSTATE[HY000] [2002] No connection could be made because the target machine actively refused it at D:\\Burhan\\Chat-Two\\chat-app-laravel\\vendor\\laravel\\framework\\src\\Illuminate\\Database\\Connectors\\Connector.php:66)
[stacktrace]
#0 D:\\Burhan\\Chat-Two\\chat-app-laravel\\vendor\\laravel\\framework\\src\\Illuminate\\Database\\Connectors\\Connector.php(66): PDO->__construct('mysql:host=127....', 'root', Object(SensitiveParameterValue), Array)
#1 D:\\Burhan\\Chat-Two\\chat-app-laravel\\vendor\\laravel\\framework\\src\\Illuminate\\Database\\Connectors\\Connector.php(85): Illuminate\\Database\\Connectors\\Connector->createPdoConnection('mysql:host=127....', 'root', Object(SensitiveParameterValue), Array)
#2 D:\\Burhan\\Chat-Two\\chat-app-laravel\\vendor\\laravel\\framework\\src\\Illuminate\\Database\\Connectors\\Connector.php(48): Illuminate\\Database\\Connectors\\Connector->tryAgainIfCausedByLostConnection(Object(PDOException), 'mysql:host=127....', 'root', Object(SensitiveParameterValue), Array)
#3 D:\\Burhan\\Chat-Two\\chat-app-laravel\\vendor\\laravel\\framework\\src\\Illuminate\\Database\\Connectors\\MySqlConnector.php(24): Illuminate\\Database\\Connectors\\Connector->createConnection('mysql:host=127....', Array, Array)
#4 D:\\Burhan\\Chat-Two\\chat-app-laravel\\vendor\\laravel\\framework\\src\\Illuminate\\Database\\Connectors\\ConnectionFactory.php(184): Illuminate\\Database\\Connectors\\MySqlConnector->connect(Array)
#5 [internal function]: Illuminate\\Database\\Connectors\\ConnectionFactory->Illuminate\\Database\\Connectors\\{closure}()
#6 D:\\Burhan\\Chat-Two\\chat-app-laravel\\vendor\\laravel\\framework\\src\\Illuminate\\Database\\Connection.php(1230): call_user_func(Object(Closure))
#7 D:\\Burhan\\Chat-Two\\chat-app-laravel\\vendor\\laravel\\framework\\src\\Illuminate\\Database\\Connection.php(1266): Illuminate\\Database\\Connection->getPdo()
#8 D:\\Burhan\\Chat-Two\\chat-app-laravel\\vendor\\laravel\\framework\\src\\Illuminate\\Database\\Connection.php(511): Illuminate\\Database\\Connection->getReadPdo()
#9 D:\\Burhan\\Chat-Two\\chat-app-laravel\\vendor\\laravel\\framework\\src\\Illuminate\\Database\\Connection.php(406): Illuminate\\Database\\Connection->getPdoForSelect(true)
#10 D:\\Burhan\\Chat-Two\\chat-app-laravel\\vendor\\laravel\\framework\\src\\Illuminate\\Database\\Connection.php(811): Illuminate\\Database\\Connection->Illuminate\\Database\\{closure}('select * from `...', Array)
#11 D:\\Burhan\\Chat-Two\\chat-app-laravel\\vendor\\laravel\\framework\\src\\Illuminate\\Database\\Connection.php(978): Illuminate\\Database\\Connection->runQueryCallback('select * from `...', Array, Object(Closure))
#12 D:\\Burhan\\Chat-Two\\chat-app-laravel\\vendor\\laravel\\framework\\src\\Illuminate\\Database\\Connection.php(957): Illuminate\\Database\\Connection->tryAgainIfCausedByLostConnection(Object(Illuminate\\Database\\QueryException), 'select * from `...', Array, Object(Closure))
#13 D:\\Burhan\\Chat-Two\\chat-app-laravel\\vendor\\laravel\\framework\\src\\Illuminate\\Database\\Connection.php(780): Illuminate\\Database\\Connection->handleQueryException(Object(Illuminate\\Database\\QueryException), 'select * from `...', Array, Object(Closure))
#14 D:\\Burhan\\Chat-Two\\chat-app-laravel\\vendor\\laravel\\framework\\src\\Illuminate\\Database\\Connection.php(397): Illuminate\\Database\\Connection->run('select * from `...', Array, Object(Closure))
#15 D:\\Burhan\\Chat-Two\\chat-app-laravel\\vendor\\laravel\\framework\\src\\Illuminate\\Database\\Query\\Builder.php(3188): Illuminate\\Database\\Connection->select('select * from `...', Array, true)
#16 D:\\Burhan\\Chat-Two\\chat-app-laravel\\vendor\\laravel\\framework\\src\\Illuminate\\Database\\Query\\Builder.php(3173): Illuminate\\Database\\Query\\Builder->runSelect()
#17 D:\\Burhan\\Chat-Two\\chat-app-laravel\\vendor\\laravel\\framework\\src\\Illuminate\\Database\\Query\\Builder.php(3763): Illuminate\\Database\\Query\\Builder->Illuminate\\Database\\Query\\{closure}()
#18 D:\\Burhan\\Chat-Two\\chat-app-laravel\\vendor\\laravel\\framework\\src\\Illuminate\\Database\\Query\\Builder.php(3172): Illuminate\\Database\\Query\\Builder->onceWithColumns(Array, Object(Closure))
#19 D:\\Burhan\\Chat-Two\\chat-app-laravel\\vendor\\laravel\\framework\\src\\Illuminate\\Cache\\DatabaseStore.php(130): Illuminate\\Database\\Query\\Builder->get()
#20 D:\\Burhan\\Chat-Two\\chat-app-laravel\\vendor\\laravel\\framework\\src\\Illuminate\\Cache\\DatabaseStore.php(105): Illuminate\\Cache\\DatabaseStore->many(Array)
#21 D:\\Burhan\\Chat-Two\\chat-app-laravel\\vendor\\laravel\\framework\\src\\Illuminate\\Cache\\Repository.php(119): Illuminate\\Cache\\DatabaseStore->get('illuminate:queu...')
#22 D:\\Burhan\\Chat-Two\\chat-app-laravel\\vendor\\laravel\\framework\\src\\Illuminate\\Queue\\Worker.php(729): Illuminate\\Cache\\Repository->get('illuminate:queu...')
#23 D:\\Burhan\\Chat-Two\\chat-app-laravel\\vendor\\laravel\\framework\\src\\Illuminate\\Queue\\Worker.php(139): Illuminate\\Queue\\Worker->getTimestampOfLastQueueRestart()
#24 D:\\Burhan\\Chat-Two\\chat-app-laravel\\vendor\\laravel\\framework\\src\\Illuminate\\Queue\\Console\\WorkCommand.php(148): Illuminate\\Queue\\Worker->daemon('database', 'default', Object(Illuminate\\Queue\\WorkerOptions))
#25 D:\\Burhan\\Chat-Two\\chat-app-laravel\\vendor\\laravel\\framework\\src\\Illuminate\\Queue\\Console\\WorkCommand.php(131): Illuminate\\Queue\\Console\\WorkCommand->runWorker('database', 'default')
#26 D:\\Burhan\\Chat-Two\\chat-app-laravel\\vendor\\laravel\\framework\\src\\Illuminate\\Container\\BoundMethod.php(36): Illuminate\\Queue\\Console\\WorkCommand->handle()
#27 D:\\Burhan\\Chat-Two\\chat-app-laravel\\vendor\\laravel\\framework\\src\\Illuminate\\Container\\Util.php(43): Illuminate\\Container\\BoundMethod::Illuminate\\Container\\{closure}()
#28 D:\\Burhan\\Chat-Two\\chat-app-laravel\\vendor\\laravel\\framework\\src\\Illuminate\\Container\\BoundMethod.php(96): Illuminate\\Container\\Util::unwrapIfClosure(Object(Closure))
#29 D:\\Burhan\\Chat-Two\\chat-app-laravel\\vendor\\laravel\\framework\\src\\Illuminate\\Container\\BoundMethod.php(35): Illuminate\\Container\\BoundMethod::callBoundMethod(Object(Illuminate\\Foundation\\Application), Array, Object(Closure))
#30 D:\\Burhan\\Chat-Two\\chat-app-laravel\\vendor\\laravel\\framework\\src\\Illuminate\\Container\\Container.php(835): Illuminate\\Container\\BoundMethod::call(Object(Illuminate\\Foundation\\Application), Array, Array, NULL)
#31 D:\\Burhan\\Chat-Two\\chat-app-laravel\\vendor\\laravel\\framework\\src\\Illuminate\\Console\\Command.php(211): Illuminate\\Container\\Container->call(Array)
#32 D:\\Burhan\\Chat-Two\\chat-app-laravel\\vendor\\symfony\\console\\Command\\Command.php(318): Illuminate\\Console\\Command->execute(Object(Symfony\\Component\\Console\\Input\\ArgvInput), Object(Illuminate\\Console\\OutputStyle))
#33 D:\\Burhan\\Chat-Two\\chat-app-laravel\\vendor\\laravel\\framework\\src\\Illuminate\\Console\\Command.php(180): Symfony\\Component\\Console\\Command\\Command->run(Object(Symfony\\Component\\Console\\Input\\ArgvInput), Object(Illuminate\\Console\\OutputStyle))
#34 D:\\Burhan\\Chat-Two\\chat-app-laravel\\vendor\\symfony\\console\\Application.php(1092): Illuminate\\Console\\Command->run(Object(Symfony\\Component\\Console\\Input\\ArgvInput), Object(Symfony\\Component\\Console\\Output\\ConsoleOutput))
#35 D:\\Burhan\\Chat-Two\\chat-app-laravel\\vendor\\symfony\\console\\Application.php(341): Symfony\\Component\\Console\\Application->doRunCommand(Object(Illuminate\\Queue\\Console\\WorkCommand), Object(Symfony\\Component\\Console\\Input\\ArgvInput), Object(Symfony\\Component\\Console\\Output\\ConsoleOutput))
#36 D:\\Burhan\\Chat-Two\\chat-app-laravel\\vendor\\symfony\\console\\Application.php(192): Symfony\\Component\\Console\\Application->doRun(Object(Symfony\\Component\\Console\\Input\\ArgvInput), Object(Symfony\\Component\\Console\\Output\\ConsoleOutput))
#37 D:\\Burhan\\Chat-Two\\chat-app-laravel\\vendor\\laravel\\framework\\src\\Illuminate\\Foundation\\Console\\Kernel.php(197): Symfony\\Component\\Console\\Application->run(Object(Symfony\\Component\\Console\\Input\\ArgvInput), Object(Symfony\\Component\\Console\\Output\\ConsoleOutput))
#38 D:\\Burhan\\Chat-Two\\chat-app-laravel\\vendor\\laravel\\framework\\src\\Illuminate\\Foundation\\Application.php(1234): Illuminate\\Foundation\\Console\\Kernel->handle(Object(Symfony\\Component\\Console\\Input\\ArgvInput), Object(Symfony\\Component\\Console\\Output\\ConsoleOutput))
#39 D:\\Burhan\\Chat-Two\\chat-app-laravel\\artisan(16): Illuminate\\Foundation\\Application->handleCommand(Object(Symfony\\Component\\Console\\Input\\ArgvInput))
#40 {main}
"} 
[2026-08-14 23:35:44] local.ERROR: App\Http\Controllers\Api\V1\Chat\ReactionController::toggleReaction(): Argument #2 ($messageId) must be of type int, string given, called in D:\Burhan\Chat-Two\chat-app-laravel\vendor\laravel\framework\src\Illuminate\Routing\Controller.php on line 54 {"userId":1,"exception":"[object] (TypeError(code: 0): App\\Http\\Controllers\\Api\\V1\\Chat\\ReactionController::toggleReaction(): Argument #2 ($messageId) must be of type int, string given, called in D:\\Burhan\\Chat-Two\\chat-app-laravel\\vendor\\laravel\\framework\\src\\Illuminate\\Routing\\Controller.php on line 54 at D:\\Burhan\\Chat-Two\\chat-app-laravel\\app\\Http\\Controllers\\Api\\V1\\Chat\\ReactionController.php:25)
[stacktrace]
#0 D:\\Burhan\\Chat-Two\\chat-app-laravel\\vendor\\laravel\\framework\\src\\Illuminate\\Routing\\Controller.php(54): App\\Http\\Controllers\\Api\\V1\\Chat\\ReactionController->toggleReaction(Object(Illuminate\\Http\\Request), 'undefined')
#1 D:\\Burhan\\Chat-Two\\chat-app-laravel\\vendor\\laravel\\framework\\src\\Illuminate\\Routing\\ControllerDispatcher.php(43): Illuminate\\Routing\\Controller->callAction('toggleReaction', Array)
#2 D:\\Burhan\\Chat-Two\\chat-app-laravel\\vendor\\laravel\\framework\\src\\Illuminate\\Routing\\Route.php(265): Illuminate\\Routing\\ControllerDispatcher->dispatch(Object(Illuminate\\Routing\\Route), Object(App\\Http\\Controllers\\Api\\V1\\Chat\\ReactionController), 'toggleReaction')
#3 D:\\Burhan\\Chat-Two\\chat-app-laravel\\vendor\\laravel\\framework\\src\\Illuminate\\Routing\\Route.php(211): Illuminate\\Routing\\Route->runController()
#4 D:\\Burhan\\Chat-Two\\chat-app-laravel\\vendor\\laravel\\framework\\src\\Illuminate\\Routing\\Router.php(822): Illuminate\\Routing\\Route->run()
#5 D:\\Burhan\\Chat-Two\\chat-app-laravel\\vendor\\laravel\\framework\\src\\Illuminate\\Pipeline\\Pipeline.php(180): Illuminate\\Routing\\Router->Illuminate\\Routing\\{closure}(Object(Illuminate\\Http\\Request))
#6 D:\\Burhan\\Chat-Two\\chat-app-laravel\\app\\Http\\Middleware\\UpdateLastSeen.php(15): Illuminate\\Pipeline\\Pipeline->Illuminate\\Pipeline\\{closure}(Object(Illuminate\\Http\\Request))
#7 D:\\Burhan\\Chat-Two\\chat-app-laravel\\vendor\\laravel\\framework\\src\\Illuminate\\Pipeline\\Pipeline.php(219): App\\Http\\Middleware\\UpdateLastSeen->handle(Object(Illuminate\\Http\\Request), Object(Closure))
#8 D:\\Burhan\\Chat-Two\\chat-app-laravel\\vendor\\laravel\\framework\\src\\Illuminate\\Auth\\Middleware\\EnsureEmailIsVerified.php(41): Illuminate\\Pipeline\\Pipeline->Illuminate\\Pipeline\\{closure}(Object(Illuminate\\Http\\Request))
#9 D:\\Burhan\\Chat-Two\\chat-app-laravel\\vendor\\laravel\\framework\\src\\Illuminate\\Pipeline\\Pipeline.php(219): Illuminate\\Auth\\Middleware\\EnsureEmailIsVerified->handle(Object(Illuminate\\Http\\Request), Object(Closure))
#10 D:\\Burhan\\Chat-Two\\chat-app-laravel\\vendor\\laravel\\framework\\src\\Illuminate\\Http\\Middleware\\AddLinkHeadersForPreloadedAssets.php(32): Illuminate\\Pipeline\\Pipeline->Illuminate\\Pipeline\\{closure}(Object(Illuminate\\Http\\Request))
#11 D:\\Burhan\\Chat-Two\\chat-app-laravel\\vendor\\laravel\\framework\\src\\Illuminate\\Pipeline\\Pipeline.php(219): Illuminate\\Http\\Middleware\\AddLinkHeadersForPreloadedAssets->handle(Object(Illuminate\\Http\\Request), Object(Closure))
#12 D:\\Burhan\\Chat-Two\\chat-app-laravel\\vendor\\inertiajs\\inertia-laravel\\src\\Middleware.php(96): Illuminate\\Pipeline\\Pipeline->Illuminate\\Pipeline\\{closure}(Object(Illuminate\\Http\\Request))
#13 D:\\Burhan\\Chat-Two\\chat-app-laravel\\vendor\\laravel\\framework\\src\\Illuminate\\Pipeline\\Pipeline.php(219): Inertia\\Middleware->handle(Object(Illuminate\\Http\\Request), Object(Closure))
#14 D:\\Burhan\\Chat-Two\\chat-app-laravel\\app\\Http\\Middleware\\HandleAppearance.php(21): Illuminate\\Pipeline\\Pipeline->Illuminate\\Pipeline\\{closure}(Object(Illuminate\\Http\\Request))
#15 D:\\Burhan\\Chat-Two\\chat-app-laravel\\vendor\\laravel\\framework\\src\\Illuminate\\Pipeline\\Pipeline.php(219): App\\Http\\Middleware\\HandleAppearance->handle(Object(Illuminate\\Http\\Request), Object(Closure))
#16 D:\\Burhan\\Chat-Two\\chat-app-laravel\\vendor\\laravel\\framework\\src\\Illuminate\\Routing\\Middleware\\SubstituteBindings.php(50): Illuminate\\Pipeline\\Pipeline->Illuminate\\Pipeline\\{closure}(Object(Illuminate\\Http\\Request))
#17 D:\\Burhan\\Chat-Two\\chat-app-laravel\\vendor\\laravel\\framework\\src\\Illuminate\\Pipeline\\Pipeline.php(219): Illuminate\\Routing\\Middleware\\SubstituteBindings->handle(Object(Illuminate\\Http\\Request), Object(Closure))
#18 D:\\Burhan\\Chat-Two\\chat-app-laravel\\vendor\\laravel\\framework\\src\\Illuminate\\Auth\\Middleware\\Authenticate.php(63): Illuminate\\Pipeline\\Pipeline->Illuminate\\Pipeline\\{closure}(Object(Illuminate\\Http\\Request))
#19 D:\\Burhan\\Chat-Two\\chat-app-laravel\\vendor\\laravel\\framework\\src\\Illuminate\\Pipeline\\Pipeline.php(219): Illuminate\\Auth\\Middleware\\Authenticate->handle(Object(Illuminate\\Http\\Request), Object(Closure))
#20 D:\\Burhan\\Chat-Two\\chat-app-laravel\\vendor\\laravel\\framework\\src\\Illuminate\\Foundation\\Http\\Middleware\\VerifyCsrfToken.php(87): Illuminate\\Pipeline\\Pipeline->Illuminate\\Pipeline\\{closure}(Object(Illuminate\\Http\\Request))
#21 D:\\Burhan\\Chat-Two\\chat-app-laravel\\vendor\\laravel\\framework\\src\\Illuminate\\Pipeline\\Pipeline.php(219): Illuminate\\Foundation\\Http\\Middleware\\VerifyCsrfToken->handle(Object(Illuminate\\Http\\Request), Object(Closure))
#22 D:\\Burhan\\Chat-Two\\chat-app-laravel\\vendor\\laravel\\framework\\src\\Illuminate\\View\\Middleware\\ShareErrorsFromSession.php(48): Illuminate\\Pipeline\\Pipeline->Illuminate\\Pipeline\\{closure}(Object(Illuminate\\Http\\Request))
#23 D:\\Burhan\\Chat-Two\\chat-app-laravel\\vendor\\laravel\\framework\\src\\Illuminate\\Pipeline\\Pipeline.php(219): Illuminate\\View\\Middleware\\ShareErrorsFromSession->handle(Object(Illuminate\\Http\\Request), Object(Closure))
#24 D:\\Burhan\\Chat-Two\\chat-app-laravel\\vendor\\laravel\\framework\\src\\Illuminate\\Session\\Middleware\\StartSession.php(120): Illuminate\\Pipeline\\Pipeline->Illuminate\\Pipeline\\{closure}(Object(Illuminate\\Http\\Request))
#25 D:\\Burhan\\Chat-Two\\chat-app-laravel\\vendor\\laravel\\framework\\src\\Illuminate\\Session\\Middleware\\StartSession.php(63): Illuminate\\Session\\Middleware\\StartSession->handleStatefulRequest(Object(Illuminate\\Http\\Request), Object(Illuminate\\Session\\Store), Object(Closure))
#26 D:\\Burhan\\Chat-Two\\chat-app-laravel\\vendor\\laravel\\framework\\src\\Illuminate\\Pipeline\\Pipeline.php(219): Illuminate\\Session\\Middleware\\StartSession->handle(Object(Illuminate\\Http\\Request), Object(Closure))
#27 D:\\Burhan\\Chat-Two\\chat-app-laravel\\vendor\\laravel\\framework\\src\\Illuminate\\Cookie\\Middleware\\AddQueuedCookiesToResponse.php(36): Illuminate\\Pipeline\\Pipeline->Illuminate\\Pipeline\\{closure}(Object(Illuminate\\Http\\Request))
#28 D:\\Burhan\\Chat-Two\\chat-app-laravel\\vendor\\laravel\\framework\\src\\Illuminate\\Pipeline\\Pipeline.php(219): Illuminate\\Cookie\\Middleware\\AddQueuedCookiesToResponse->handle(Object(Illuminate\\Http\\Request), Object(Closure))
#29 D:\\Burhan\\Chat-Two\\chat-app-laravel\\vendor\\laravel\\framework\\src\\Illuminate\\Cookie\\Middleware\\EncryptCookies.php(74): Illuminate\\Pipeline\\Pipeline->Illuminate\\Pipeline\\{closure}(Object(Illuminate\\Http\\Request))
#30 D:\\Burhan\\Chat-Two\\chat-app-laravel\\vendor\\laravel\\framework\\src\\Illuminate\\Pipeline\\Pipeline.php(219): Illuminate\\Cookie\\Middleware\\EncryptCookies->handle(Object(Illuminate\\Http\\Request), Object(Closure))
#31 D:\\Burhan\\Chat-Two\\chat-app-laravel\\vendor\\laravel\\framework\\src\\Illuminate\\Pipeline\\Pipeline.php(137): Illuminate\\Pipeline\\Pipeline->Illuminate\\Pipeline\\{closure}(Object(Illuminate\\Http\\Request))
#32 D:\\Burhan\\Chat-Two\\chat-app-laravel\\vendor\\laravel\\framework\\src\\Illuminate\\Routing\\Router.php(821): Illuminate\\Pipeline\\Pipeline->then(Object(Closure))
#33 D:\\Burhan\\Chat-Two\\chat-app-laravel\\vendor\\laravel\\framework\\src\\Illuminate\\Routing\\Router.php(800): Illuminate\\Routing\\Router->runRouteWithinStack(Object(Illuminate\\Routing\\Route), Object(Illuminate\\Http\\Request))
#34 D:\\Burhan\\Chat-Two\\chat-app-laravel\\vendor\\laravel\\framework\\src\\Illuminate\\Routing\\Router.php(764): Illuminate\\Routing\\Router->runRoute(Object(Illuminate\\Http\\Request), Object(Illuminate\\Routing\\Route))
#35 D:\\Burhan\\Chat-Two\\chat-app-laravel\\vendor\\laravel\\framework\\src\\Illuminate\\Routing\\Router.php(753): Illuminate\\Routing\\Router->dispatchToRoute(Object(Illuminate\\Http\\Request))
#36 D:\\Burhan\\Chat-Two\\chat-app-laravel\\vendor\\laravel\\framework\\src\\Illuminate\\Foundation\\Http\\Kernel.php(200): Illuminate\\Routing\\Router->dispatch(Object(Illuminate\\Http\\Request))
#37 D:\\Burhan\\Chat-Two\\chat-app-laravel\\vendor\\laravel\\framework\\src\\Illuminate\\Pipeline\\Pipeline.php(180): Illuminate\\Foundation\\Http\\Kernel->Illuminate\\Foundation\\Http\\{closure}(Object(Illuminate\\Http\\Request))
#38 D:\\Burhan\\Chat-Two\\chat-app-laravel\\vendor\\laravel\\framework\\src\\Illuminate\\Foundation\\Http\\Middleware\\TransformsRequest.php(21): Illuminate\\Pipeline\\Pipeline->Illuminate\\Pipeline\\{closure}(Object(Illuminate\\Http\\Request))
#39 D:\\Burhan\\Chat-Two\\chat-app-laravel\\vendor\\laravel\\framework\\src\\Illuminate\\Foundation\\Http\\Middleware\\ConvertEmptyStringsToNull.php(31): Illuminate\\Foundation\\Http\\Middleware\\TransformsRequest->handle(Object(Illuminate\\Http\\Request), Object(Closure))
#40 D:\\Burhan\\Chat-Two\\chat-app-laravel\\vendor\\laravel\\framework\\src\\Illuminate\\Pipeline\\Pipeline.php(219): Illuminate\\Foundation\\Http\\Middleware\\ConvertEmptyStringsToNull->handle(Object(Illuminate\\Http\\Request), Object(Closure))
#41 D:\\Burhan\\Chat-Two\\chat-app-laravel\\vendor\\laravel\\framework\\src\\Illuminate\\Foundation\\Http\\Middleware\\TransformsRequest.php(21): Illuminate\\Pipeline\\Pipeline->Illuminate\\Pipeline\\{closure}(Object(Illuminate\\Http\\Request))
#42 D:\\Burhan\\Chat-Two\\chat-app-laravel\\vendor\\laravel\\framework\\src\\Illuminate\\Foundation\\Http\\Middleware\\TrimStrings.php(51): Illuminate\\Foundation\\Http\\Middleware\\TransformsRequest->handle(Object(Illuminate\\Http\\Request), Object(Closure))
#43 D:\\Burhan\\Chat-Two\\chat-app-laravel\\vendor\\laravel\\framework\\src\\Illuminate\\Pipeline\\Pipeline.php(219): Illuminate\\Foundation\\Http\\Middleware\\TrimStrings->handle(Object(Illuminate\\Http\\Request), Object(Closure))
#44 D:\\Burhan\\Chat-Two\\chat-app-laravel\\vendor\\laravel\\framework\\src\\Illuminate\\Http\\Middleware\\ValidatePostSize.php(27): Illuminate\\Pipeline\\Pipeline->Illuminate\\Pipeline\\{closure}(Object(Illuminate\\Http\\Request))
#45 D:\\Burhan\\Chat-Two\\chat-app-laravel\\vendor\\laravel\\framework\\src\\Illuminate\\Pipeline\\Pipeline.php(219): Illuminate\\Http\\Middleware\\ValidatePostSize->handle(Object(Illuminate\\Http\\Request), Object(Closure))
#46 D:\\Burhan\\Chat-Two\\chat-app-laravel\\vendor\\laravel\\framework\\src\\Illuminate\\Foundation\\Http\\Middleware\\PreventRequestsDuringMaintenance.php(109): Illuminate\\Pipeline\\Pipeline->Illuminate\\Pipeline\\{closure}(Object(Illuminate\\Http\\Request))
#47 D:\\Burhan\\Chat-Two\\chat-app-laravel\\vendor\\laravel\\framework\\src\\Illuminate\\Pipeline\\Pipeline.php(219): Illuminate\\Foundation\\Http\\Middleware\\PreventRequestsDuringMaintenance->handle(Object(Illuminate\\Http\\Request), Object(Closure))
#48 D:\\Burhan\\Chat-Two\\chat-app-laravel\\vendor\\laravel\\framework\\src\\Illuminate\\Http\\Middleware\\HandleCors.php(61): Illuminate\\Pipeline\\Pipeline->Illuminate\\Pipeline\\{closure}(Object(Illuminate\\Http\\Request))
#49 D:\\Burhan\\Chat-Two\\chat-app-laravel\\vendor\\laravel\\framework\\src\\Illuminate\\Pipeline\\Pipeline.php(219): Illuminate\\Http\\Middleware\\HandleCors->handle(Object(Illuminate\\Http\\Request), Object(Closure))
#50 D:\\Burhan\\Chat-Two\\chat-app-laravel\\vendor\\laravel\\framework\\src\\Illuminate\\Http\\Middleware\\TrustProxies.php(58): Illuminate\\Pipeline\\Pipeline->Illuminate\\Pipeline\\{closure}(Object(Illuminate\\Http\\Request))
#51 D:\\Burhan\\Chat-Two\\chat-app-laravel\\vendor\\laravel\\framework\\src\\Illuminate\\Pipeline\\Pipeline.php(219): Illuminate\\Http\\Middleware\\TrustProxies->handle(Object(Illuminate\\Http\\Request), Object(Closure))
#52 D:\\Burhan\\Chat-Two\\chat-app-laravel\\vendor\\laravel\\framework\\src\\Illuminate\\Foundation\\Http\\Middleware\\InvokeDeferredCallbacks.php(22): Illuminate\\Pipeline\\Pipeline->Illuminate\\Pipeline\\{closure}(Object(Illuminate\\Http\\Request))
#53 D:\\Burhan\\Chat-Two\\chat-app-laravel\\vendor\\laravel\\framework\\src\\Illuminate\\Pipeline\\Pipeline.php(219): Illuminate\\Foundation\\Http\\Middleware\\InvokeDeferredCallbacks->handle(Object(Illuminate\\Http\\Request), Object(Closure))
#54 D:\\Burhan\\Chat-Two\\chat-app-laravel\\vendor\\laravel\\framework\\src\\Illuminate\\Http\\Middleware\\ValidatePathEncoding.php(26): Illuminate\\Pipeline\\Pipeline->Illuminate\\Pipeline\\{closure}(Object(Illuminate\\Http\\Request))
#55 D:\\Burhan\\Chat-Two\\chat-app-laravel\\vendor\\laravel\\framework\\src\\Illuminate\\Pipeline\\Pipeline.php(219): Illuminate\\Http\\Middleware\\ValidatePathEncoding->handle(Object(Illuminate\\Http\\Request), Object(Closure))
#56 D:\\Burhan\\Chat-Two\\chat-app-laravel\\vendor\\laravel\\framework\\src\\Illuminate\\Pipeline\\Pipeline.php(137): Illuminate\\Pipeline\\Pipeline->Illuminate\\Pipeline\\{closure}(Object(Illuminate\\Http\\Request))
#57 D:\\Burhan\\Chat-Two\\chat-app-laravel\\vendor\\laravel\\framework\\src\\Illuminate\\Foundation\\Http\\Kernel.php(175): Illuminate\\Pipeline\\Pipeline->then(Object(Closure))
#58 D:\\Burhan\\Chat-Two\\chat-app-laravel\\vendor\\laravel\\framework\\src\\Illuminate\\Foundation\\Http\\Kernel.php(144): Illuminate\\Foundation\\Http\\Kernel->sendRequestThroughRouter(Object(Illuminate\\Http\\Request))
#59 D:\\Burhan\\Chat-Two\\chat-app-laravel\\vendor\\laravel\\framework\\src\\Illuminate\\Foundation\\Application.php(1219): Illuminate\\Foundation\\Http\\Kernel->handle(Object(Illuminate\\Http\\Request))
#60 D:\\Burhan\\Chat-Two\\chat-app-laravel\\public\\index.php(25): Illuminate\\Foundation\\Application->handleRequest(Object(Illuminate\\Http\\Request))
#61 D:\\Burhan\\Chat-Two\\chat-app-laravel\\vendor\\laravel\\framework\\src\\Illuminate\\Foundation\\resources\\server.php(23): require_once('D:\\\\Burhan\\\\Chat-...')
#62 {main}
"} 
[2026-08-14 23:35:47] local.ERROR: App\Http\Controllers\Api\V1\Chat\ReactionController::toggleReaction(): Argument #2 ($messageId) must be of type int, string given, called in D:\Burhan\Chat-Two\chat-app-laravel\vendor\laravel\framework\src\Illuminate\Routing\Controller.php on line 54 {"userId":1,"exception":"[object] (TypeError(code: 0): App\\Http\\Controllers\\Api\\V1\\Chat\\ReactionController::toggleReaction(): Argument #2 ($messageId) must be of type int, string given, called in D:\\Burhan\\Chat-Two\\chat-app-laravel\\vendor\\laravel\\framework\\src\\Illuminate\\Routing\\Controller.php on line 54 at D:\\Burhan\\Chat-Two\\chat-app-laravel\\app\\Http\\Controllers\\Api\\V1\\Chat\\ReactionController.php:25)
[stacktrace]
#0 D:\\Burhan\\Chat-Two\\chat-app-laravel\\vendor\\laravel\\framework\\src\\Illuminate\\Routing\\Controller.php(54): App\\Http\\Controllers\\Api\\V1\\Chat\\ReactionController->toggleReaction(Object(Illuminate\\Http\\Request), 'undefined')
#1 D:\\Burhan\\Chat-Two\\chat-app-laravel\\vendor\\laravel\\framework\\src\\Illuminate\\Routing\\ControllerDispatcher.php(43): Illuminate\\Routing\\Controller->callAction('toggleReaction', Array)
#2 D:\\Burhan\\Chat-Two\\chat-app-laravel\\vendor\\laravel\\framework\\src\\Illuminate\\Routing\\Route.php(265): Illuminate\\Routing\\ControllerDispatcher->dispatch(Object(Illuminate\\Routing\\Route), Object(App\\Http\\Controllers\\Api\\V1\\Chat\\ReactionController), 'toggleReaction')
#3 D:\\Burhan\\Chat-Two\\chat-app-laravel\\vendor\\laravel\\framework\\src\\Illuminate\\Routing\\Route.php(211): Illuminate\\Routing\\Route->runController()
#4 D:\\Burhan\\Chat-Two\\chat-app-laravel\\vendor\\laravel\\framework\\src\\Illuminate\\Routing\\Router.php(822): Illuminate\\Routing\\Route->run()
#5 D:\\Burhan\\Chat-Two\\chat-app-laravel\\vendor\\laravel\\framework\\src\\Illuminate\\Pipeline\\Pipeline.php(180): Illuminate\\Routing\\Router->Illuminate\\Routing\\{closure}(Object(Illuminate\\Http\\Request))
#6 D:\\Burhan\\Chat-Two\\chat-app-laravel\\app\\Http\\Middleware\\UpdateLastSeen.php(15): Illuminate\\Pipeline\\Pipeline->Illuminate\\Pipeline\\{closure}(Object(Illuminate\\Http\\Request))
#7 D:\\Burhan\\Chat-Two\\chat-app-laravel\\vendor\\laravel\\framework\\src\\Illuminate\\Pipeline\\Pipeline.php(219): App\\Http\\Middleware\\UpdateLastSeen->handle(Object(Illuminate\\Http\\Request), Object(Closure))
#8 D:\\Burhan\\Chat-Two\\chat-app-laravel\\vendor\\laravel\\framework\\src\\Illuminate\\Auth\\Middleware\\EnsureEmailIsVerified.php(41): Illuminate\\Pipeline\\Pipeline->Illuminate\\Pipeline\\{closure}(Object(Illuminate\\Http\\Request))
#9 D:\\Burhan\\Chat-Two\\chat-app-laravel\\vendor\\laravel\\framework\\src\\Illuminate\\Pipeline\\Pipeline.php(219): Illuminate\\Auth\\Middleware\\EnsureEmailIsVerified->handle(Object(Illuminate\\Http\\Request), Object(Closure))
#10 D:\\Burhan\\Chat-Two\\chat-app-laravel\\vendor\\laravel\\framework\\src\\Illuminate\\Http\\Middleware\\AddLinkHeadersForPreloadedAssets.php(32): Illuminate\\Pipeline\\Pipeline->Illuminate\\Pipeline\\{closure}(Object(Illuminate\\Http\\Request))
#11 D:\\Burhan\\Chat-Two\\chat-app-laravel\\vendor\\laravel\\framework\\src\\Illuminate\\Pipeline\\Pipeline.php(219): Illuminate\\Http\\Middleware\\AddLinkHeadersForPreloadedAssets->handle(Object(Illuminate\\Http\\Request), Object(Closure))
#12 D:\\Burhan\\Chat-Two\\chat-app-laravel\\vendor\\inertiajs\\inertia-laravel\\src\\Middleware.php(96): Illuminate\\Pipeline\\Pipeline->Illuminate\\Pipeline\\{closure}(Object(Illuminate\\Http\\Request))
#13 D:\\Burhan\\Chat-Two\\chat-app-laravel\\vendor\\laravel\\framework\\src\\Illuminate\\Pipeline\\Pipeline.php(219): Inertia\\Middleware->handle(Object(Illuminate\\Http\\Request), Object(Closure))
#14 D:\\Burhan\\Chat-Two\\chat-app-laravel\\app\\Http\\Middleware\\HandleAppearance.php(21): Illuminate\\Pipeline\\Pipeline->Illuminate\\Pipeline\\{closure}(Object(Illuminate\\Http\\Request))
#15 D:\\Burhan\\Chat-Two\\chat-app-laravel\\vendor\\laravel\\framework\\src\\Illuminate\\Pipeline\\Pipeline.php(219): App\\Http\\Middleware\\HandleAppearance->handle(Object(Illuminate\\Http\\Request), Object(Closure))
#16 D:\\Burhan\\Chat-Two\\chat-app-laravel\\vendor\\laravel\\framework\\src\\Illuminate\\Routing\\Middleware\\SubstituteBindings.php(50): Illuminate\\Pipeline\\Pipeline->Illuminate\\Pipeline\\{closure}(Object(Illuminate\\Http\\Request))
#17 D:\\Burhan\\Chat-Two\\chat-app-laravel\\vendor\\laravel\\framework\\src\\Illuminate\\Pipeline\\Pipeline.php(219): Illuminate\\Routing\\Middleware\\SubstituteBindings->handle(Object(Illuminate\\Http\\Request), Object(Closure))
#18 D:\\Burhan\\Chat-Two\\chat-app-laravel\\vendor\\laravel\\framework\\src\\Illuminate\\Auth\\Middleware\\Authenticate.php(63): Illuminate\\Pipeline\\Pipeline->Illuminate\\Pipeline\\{closure}(Object(Illuminate\\Http\\Request))
#19 D:\\Burhan\\Chat-Two\\chat-app-laravel\\vendor\\laravel\\framework\\src\\Illuminate\\Pipeline\\Pipeline.php(219): Illuminate\\Auth\\Middleware\\Authenticate->handle(Object(Illuminate\\Http\\Request), Object(Closure))
#20 D:\\Burhan\\Chat-Two\\chat-app-laravel\\vendor\\laravel\\framework\\src\\Illuminate\\Foundation\\Http\\Middleware\\VerifyCsrfToken.php(87): Illuminate\\Pipeline\\Pipeline->Illuminate\\Pipeline\\{closure}(Object(Illuminate\\Http\\Request))
#21 D:\\Burhan\\Chat-Two\\chat-app-laravel\\vendor\\laravel\\framework\\src\\Illuminate\\Pipeline\\Pipeline.php(219): Illuminate\\Foundation\\Http\\Middleware\\VerifyCsrfToken->handle(Object(Illuminate\\Http\\Request), Object(Closure))
#22 D:\\Burhan\\Chat-Two\\chat-app-laravel\\vendor\\laravel\\framework\\src\\Illuminate\\View\\Middleware\\ShareErrorsFromSession.php(48): Illuminate\\Pipeline\\Pipeline->Illuminate\\Pipeline\\{closure}(Object(Illuminate\\Http\\Request))
#23 D:\\Burhan\\Chat-Two\\chat-app-laravel\\vendor\\laravel\\framework\\src\\Illuminate\\Pipeline\\Pipeline.php(219): Illuminate\\View\\Middleware\\ShareErrorsFromSession->handle(Object(Illuminate\\Http\\Request), Object(Closure))
#24 D:\\Burhan\\Chat-Two\\chat-app-laravel\\vendor\\laravel\\framework\\src\\Illuminate\\Session\\Middleware\\StartSession.php(120): Illuminate\\Pipeline\\Pipeline->Illuminate\\Pipeline\\{closure}(Object(Illuminate\\Http\\Request))
#25 D:\\Burhan\\Chat-Two\\chat-app-laravel\\vendor\\laravel\\framework\\src\\Illuminate\\Session\\Middleware\\StartSession.php(63): Illuminate\\Session\\Middleware\\StartSession->handleStatefulRequest(Object(Illuminate\\Http\\Request), Object(Illuminate\\Session\\Store), Object(Closure))
#26 D:\\Burhan\\Chat-Two\\chat-app-laravel\\vendor\\laravel\\framework\\src\\Illuminate\\Pipeline\\Pipeline.php(219): Illuminate\\Session\\Middleware\\StartSession->handle(Object(Illuminate\\Http\\Request), Object(Closure))
#27 D:\\Burhan\\Chat-Two\\chat-app-laravel\\vendor\\laravel\\framework\\src\\Illuminate\\Cookie\\Middleware\\AddQueuedCookiesToResponse.php(36): Illuminate\\Pipeline\\Pipeline->Illuminate\\Pipeline\\{closure}(Object(Illuminate\\Http\\Request))
#28 D:\\Burhan\\Chat-Two\\chat-app-laravel\\vendor\\laravel\\framework\\src\\Illuminate\\Pipeline\\Pipeline.php(219): Illuminate\\Cookie\\Middleware\\AddQueuedCookiesToResponse->handle(Object(Illuminate\\Http\\Request), Object(Closure))
#29 D:\\Burhan\\Chat-Two\\chat-app-laravel\\vendor\\laravel\\framework\\src\\Illuminate\\Cookie\\Middleware\\EncryptCookies.php(74): Illuminate\\Pipeline\\Pipeline->Illuminate\\Pipeline\\{closure}(Object(Illuminate\\Http\\Request))
#30 D:\\Burhan\\Chat-Two\\chat-app-laravel\\vendor\\laravel\\framework\\src\\Illuminate\\Pipeline\\Pipeline.php(219): Illuminate\\Cookie\\Middleware\\EncryptCookies->handle(Object(Illuminate\\Http\\Request), Object(Closure))
#31 D:\\Burhan\\Chat-Two\\chat-app-laravel\\vendor\\laravel\\framework\\src\\Illuminate\\Pipeline\\Pipeline.php(137): Illuminate\\Pipeline\\Pipeline->Illuminate\\Pipeline\\{closure}(Object(Illuminate\\Http\\Request))
#32 D:\\Burhan\\Chat-Two\\chat-app-laravel\\vendor\\laravel\\framework\\src\\Illuminate\\Routing\\Router.php(821): Illuminate\\Pipeline\\Pipeline->then(Object(Closure))
#33 D:\\Burhan\\Chat-Two\\chat-app-laravel\\vendor\\laravel\\framework\\src\\Illuminate\\Routing\\Router.php(800): Illuminate\\Routing\\Router->runRouteWithinStack(Object(Illuminate\\Routing\\Route), Object(Illuminate\\Http\\Request))
#34 D:\\Burhan\\Chat-Two\\chat-app-laravel\\vendor\\laravel\\framework\\src\\Illuminate\\Routing\\Router.php(764): Illuminate\\Routing\\Router->runRoute(Object(Illuminate\\Http\\Request), Object(Illuminate\\Routing\\Route))
#35 D:\\Burhan\\Chat-Two\\chat-app-laravel\\vendor\\laravel\\framework\\src\\Illuminate\\Routing\\Router.php(753): Illuminate\\Routing\\Router->dispatchToRoute(Object(Illuminate\\Http\\Request))
#36 D:\\Burhan\\Chat-Two\\chat-app-laravel\\vendor\\laravel\\framework\\src\\Illuminate\\Foundation\\Http\\Kernel.php(200): Illuminate\\Routing\\Router->dispatch(Object(Illuminate\\Http\\Request))
#37 D:\\Burhan\\Chat-Two\\chat-app-laravel\\vendor\\laravel\\framework\\src\\Illuminate\\Pipeline\\Pipeline.php(180): Illuminate\\Foundation\\Http\\Kernel->Illuminate\\Foundation\\Http\\{closure}(Object(Illuminate\\Http\\Request))
#38 D:\\Burhan\\Chat-Two\\chat-app-laravel\\vendor\\laravel\\framework\\src\\Illuminate\\Foundation\\Http\\Middleware\\TransformsRequest.php(21): Illuminate\\Pipeline\\Pipeline->Illuminate\\Pipeline\\{closure}(Object(Illuminate\\Http\\Request))
#39 D:\\Burhan\\Chat-Two\\chat-app-laravel\\vendor\\laravel\\framework\\src\\Illuminate\\Foundation\\Http\\Middleware\\ConvertEmptyStringsToNull.php(31): Illuminate\\Foundation\\Http\\Middleware\\TransformsRequest->handle(Object(Illuminate\\Http\\Request), Object(Closure))
#40 D:\\Burhan\\Chat-Two\\chat-app-laravel\\vendor\\laravel\\framework\\src\\Illuminate\\Pipeline\\Pipeline.php(219): Illuminate\\Foundation\\Http\\Middleware\\ConvertEmptyStringsToNull->handle(Object(Illuminate\\Http\\Request), Object(Closure))
#41 D:\\Burhan\\Chat-Two\\chat-app-laravel\\vendor\\laravel\\framework\\src\\Illuminate\\Foundation\\Http\\Middleware\\TransformsRequest.php(21): Illuminate\\Pipeline\\Pipeline->Illuminate\\Pipeline\\{closure}(Object(Illuminate\\Http\\Request))
#42 D:\\Burhan\\Chat-Two\\chat-app-laravel\\vendor\\laravel\\framework\\src\\Illuminate\\Foundation\\Http\\Middleware\\TrimStrings.php(51): Illuminate\\Foundation\\Http\\Middleware\\TransformsRequest->handle(Object(Illuminate\\Http\\Request), Object(Closure))
#43 D:\\Burhan\\Chat-Two\\chat-app-laravel\\vendor\\laravel\\framework\\src\\Illuminate\\Pipeline\\Pipeline.php(219): Illuminate\\Foundation\\Http\\Middleware\\TrimStrings->handle(Object(Illuminate\\Http\\Request), Object(Closure))
#44 D:\\Burhan\\Chat-Two\\chat-app-laravel\\vendor\\laravel\\framework\\src\\Illuminate\\Http\\Middleware\\ValidatePostSize.php(27): Illuminate\\Pipeline\\Pipeline->Illuminate\\Pipeline\\{closure}(Object(Illuminate\\Http\\Request))
#45 D:\\Burhan\\Chat-Two\\chat-app-laravel\\vendor\\laravel\\framework\\src\\Illuminate\\Pipeline\\Pipeline.php(219): Illuminate\\Http\\Middleware\\ValidatePostSize->handle(Object(Illuminate\\Http\\Request), Object(Closure))
#46 D:\\Burhan\\Chat-Two\\chat-app-laravel\\vendor\\laravel\\framework\\src\\Illuminate\\Foundation\\Http\\Middleware\\PreventRequestsDuringMaintenance.php(109): Illuminate\\Pipeline\\Pipeline->Illuminate\\Pipeline\\{closure}(Object(Illuminate\\Http\\Request))
#47 D:\\Burhan\\Chat-Two\\chat-app-laravel\\vendor\\laravel\\framework\\src\\Illuminate\\Pipeline\\Pipeline.php(219): Illuminate\\Foundation\\Http\\Middleware\\PreventRequestsDuringMaintenance->handle(Object(Illuminate\\Http\\Request), Object(Closure))
#48 D:\\Burhan\\Chat-Two\\chat-app-laravel\\vendor\\laravel\\framework\\src\\Illuminate\\Http\\Middleware\\HandleCors.php(61): Illuminate\\Pipeline\\Pipeline->Illuminate\\Pipeline\\{closure}(Object(Illuminate\\Http\\Request))
#49 D:\\Burhan\\Chat-Two\\chat-app-laravel\\vendor\\laravel\\framework\\src\\Illuminate\\Pipeline\\Pipeline.php(219): Illuminate\\Http\\Middleware\\HandleCors->handle(Object(Illuminate\\Http\\Request), Object(Closure))
#50 D:\\Burhan\\Chat-Two\\chat-app-laravel\\vendor\\laravel\\framework\\src\\Illuminate\\Http\\Middleware\\TrustProxies.php(58): Illuminate\\Pipeline\\Pipeline->Illuminate\\Pipeline\\{closure}(Object(Illuminate\\Http\\Request))
#51 D:\\Burhan\\Chat-Two\\chat-app-laravel\\vendor\\laravel\\framework\\src\\Illuminate\\Pipeline\\Pipeline.php(219): Illuminate\\Http\\Middleware\\TrustProxies->handle(Object(Illuminate\\Http\\Request), Object(Closure))
#52 D:\\Burhan\\Chat-Two\\chat-app-laravel\\vendor\\laravel\\framework\\src\\Illuminate\\Foundation\\Http\\Middleware\\InvokeDeferredCallbacks.php(22): Illuminate\\Pipeline\\Pipeline->Illuminate\\Pipeline\\{closure}(Object(Illuminate\\Http\\Request))
#53 D:\\Burhan\\Chat-Two\\chat-app-laravel\\vendor\\laravel\\framework\\src\\Illuminate\\Pipeline\\Pipeline.php(219): Illuminate\\Foundation\\Http\\Middleware\\InvokeDeferredCallbacks->handle(Object(Illuminate\\Http\\Request), Object(Closure))
#54 D:\\Burhan\\Chat-Two\\chat-app-laravel\\vendor\\laravel\\framework\\src\\Illuminate\\Http\\Middleware\\ValidatePathEncoding.php(26): Illuminate\\Pipeline\\Pipeline->Illuminate\\Pipeline\\{closure}(Object(Illuminate\\Http\\Request))
#55 D:\\Burhan\\Chat-Two\\chat-app-laravel\\vendor\\laravel\\framework\\src\\Illuminate\\Pipeline\\Pipeline.php(219): Illuminate\\Http\\Middleware\\ValidatePathEncoding->handle(Object(Illuminate\\Http\\Request), Object(Closure))
#56 D:\\Burhan\\Chat-Two\\chat-app-laravel\\vendor\\laravel\\framework\\src\\Illuminate\\Pipeline\\Pipeline.php(137): Illuminate\\Pipeline\\Pipeline->Illuminate\\Pipeline\\{closure}(Object(Illuminate\\Http\\Request))
#57 D:\\Burhan\\Chat-Two\\chat-app-laravel\\vendor\\laravel\\framework\\src\\Illuminate\\Foundation\\Http\\Kernel.php(175): Illuminate\\Pipeline\\Pipeline->then(Object(Closure))
#58 D:\\Burhan\\Chat-Two\\chat-app-laravel\\vendor\\laravel\\framework\\src\\Illuminate\\Foundation\\Http\\Kernel.php(144): Illuminate\\Foundation\\Http\\Kernel->sendRequestThroughRouter(Object(Illuminate\\Http\\Request))
#59 D:\\Burhan\\Chat-Two\\chat-app-laravel\\vendor\\laravel\\framework\\src\\Illuminate\\Foundation\\Application.php(1219): Illuminate\\Foundation\\Http\\Kernel->handle(Object(Illuminate\\Http\\Request))
#60 D:\\Burhan\\Chat-Two\\chat-app-laravel\\public\\index.php(25): Illuminate\\Foundation\\Application->handleRequest(Object(Illuminate\\Http\\Request))
#61 D:\\Burhan\\Chat-Two\\chat-app-laravel\\vendor\\laravel\\framework\\src\\Illuminate\\Foundation\\resources\\server.php(23): require_once('D:\\\\Burhan\\\\Chat-...')
#62 {main}
"} 
[2026-08-15 01:09:55] local.ERROR: AIService provider error: cURL error 6: Could not resolve host: api.groq.ai (see https://curl.haxx.se/libcurl/c/libcurl-errors.html) for https://api.groq.ai/v1/chat/completions  
[2026-08-15 01:09:55] local.ERROR: AI chat error: cURL error 6: Could not resolve host: api.groq.ai (see https://curl.haxx.se/libcurl/c/libcurl-errors.html) for https://api.groq.ai/v1/chat/completions  
[2026-08-15 01:17:09] local.ERROR: AIService provider error: cURL error 6: Could not resolve host: api.groq.ai (see https://curl.haxx.se/libcurl/c/libcurl-errors.html) for https://api.groq.ai/v1/chat/completions  
[2026-08-15 01:17:09] local.ERROR: AI chat error: cURL error 6: Could not resolve host: api.groq.ai (see https://curl.haxx.se/libcurl/c/libcurl-errors.html) for https://api.groq.ai/v1/chat/completions  
[2026-08-15 01:17:24] local.ERROR: AIService provider error: cURL error 6: Could not resolve host: api.groq.ai (see https://curl.haxx.se/libcurl/c/libcurl-errors.html) for https://api.groq.ai/v1/chat/completions  
[2026-08-15 01:17:24] local.ERROR: AI chat error: cURL error 6: Could not resolve host: api.groq.ai (see https://curl.haxx.se/libcurl/c/libcurl-errors.html) for https://api.groq.ai/v1/chat/completions  
[2026-08-15 01:17:59] local.ERROR: AIService provider error: cURL error 6: Could not resolve host: api.groq.ai (see https://curl.haxx.se/libcurl/c/libcurl-errors.html) for https://api.groq.ai/v1/chat/completions  
[2026-08-15 01:17:59] local.ERROR: AI chat error: cURL error 6: Could not resolve host: api.groq.ai (see https://curl.haxx.se/libcurl/c/libcurl-errors.html) for https://api.groq.ai/v1/chat/completions  
[2026-08-15 01:22:30] local.ERROR: AIService provider error: cURL error 6: Could not resolve host: api.groq.ai (see https://curl.haxx.se/libcurl/c/libcurl-errors.html) for https://api.groq.ai/v1/chat/completions  
[2026-08-15 01:22:30] local.ERROR: AI chat error: cURL error 6: Could not resolve host: api.groq.ai (see https://curl.haxx.se/libcurl/c/libcurl-errors.html) for https://api.groq.ai/v1/chat/completions  
[2026-08-15 01:48:09] local.ERROR: GroqProvider request failed: cURL error 6: Could not resolve host: api.groq.ai (see https://curl.haxx.se/libcurl/c/libcurl-errors.html) for https://api.groq.ai/v1/chat/completions  
[2026-08-15 01:54:49] local.ERROR: Cannot redeclare App\Services\Providers\MockProvider::$config {"exception":"[object] (Symfony\\Component\\ErrorHandler\\Error\\FatalError(code: 0): Cannot redeclare App\\Services\\Providers\\MockProvider::$config at D:\\Burhan\\Chat-Two\\chat-app-laravel\\app\\Services\\Providers\\MockProvider.php:8)
[stacktrace]
#0 {main}
"} 
[2026-08-15 02:06:05] local.ERROR: GroqProvider request failed: cURL error 6: Could not resolve host: api.groq.ai (see https://curl.haxx.se/libcurl/c/libcurl-errors.html) for https://api.groq.ai/v1/chat/completions  
[2026-08-15 02:07:15] local.ERROR: GroqProvider request failed: cURL error 6: Could not resolve host: api.groq.ai (see https://curl.haxx.se/libcurl/c/libcurl-errors.html) for https://api.groq.ai/v1/chat/completions  
[2026-08-15 02:42:55] local.ERROR: Vite manifest not found at: D:\Burhan\Chat-Two\chat-app-laravel\public\build/manifest.json (View: D:\Burhan\Chat-Two\chat-app-laravel\resources\views\app.blade.php) {"userId":1,"exception":"[object] (Illuminate\\View\\ViewException(code: 0): Vite manifest not found at: D:\\Burhan\\Chat-Two\\chat-app-laravel\\public\\build/manifest.json (View: D:\\Burhan\\Chat-Two\\chat-app-laravel\\resources\\views\\app.blade.php) at D:\\Burhan\\Chat-Two\\chat-app-laravel\\vendor\\laravel\\framework\\src\\Illuminate\\Foundation\\Vite.php:935)
[stacktrace]
#0 D:\\Burhan\\Chat-Two\\chat-app-laravel\\vendor\\laravel\\framework\\src\\Illuminate\\View\\Engines\\PhpEngine.php(59): Illuminate\\View\\Engines\\CompilerEngine->handleViewException(Object(Illuminate\\Foundation\\ViteManifestNotFoundException), 1)
#1 D:\\Burhan\\Chat-Two\\chat-app-laravel\\vendor\\laravel\\framework\\src\\Illuminate\\View\\Engines\\CompilerEngine.php(76): Illuminate\\View\\Engines\\PhpEngine->evaluatePath('D:\\\\Burhan\\\\Chat-...', Array)
#2 D:\\Burhan\\Chat-Two\\chat-app-laravel\\vendor\\laravel\\framework\\src\\Illuminate\\View\\View.php(208): Illuminate\\View\\Engines\\CompilerEngine->get('D:\\\\Burhan\\\\Chat-...', Array)
#3 D:\\Burhan\\Chat-Two\\chat-app-laravel\\vendor\\laravel\\framework\\src\\Illuminate\\View\\View.php(191): Illuminate\\View\\View->getContents()
#4 D:\\Burhan\\Chat-Two\\chat-app-laravel\\vendor\\laravel\\framework\\src\\Illuminate\\View\\View.php(160): Illuminate\\View\\View->renderContents()
#5 D:\\Burhan\\Chat-Two\\chat-app-laravel\\vendor\\laravel\\framework\\src\\Illuminate\\Http\\Response.php(78): Illuminate\\View\\View->render()
#6 D:\\Burhan\\Chat-Two\\chat-app-laravel\\vendor\\laravel\\framework\\src\\Illuminate\\Http\\Response.php(34): Illuminate\\Http\\Response->setContent(Object(Illuminate\\View\\View))
#7 D:\\Burhan\\Chat-Two\\chat-app-laravel\\vendor\\laravel\\framework\\src\\Illuminate\\Routing\\ResponseFactory.php(61): Illuminate\\Http\\Response->__construct(Object(Illuminate\\View\\View), 200, Array)
#8 D:\\Burhan\\Chat-Two\\chat-app-laravel\\vendor\\laravel\\framework\\src\\Illuminate\\Routing\\ResponseFactory.php(91): Illuminate\\Routing\\ResponseFactory->make(Object(Illuminate\\View\\View), 200, Array)
#9 D:\\Burhan\\Chat-Two\\chat-app-laravel\\vendor\\laravel\\framework\\src\\Illuminate\\Support\\Facades\\Facade.php(363): Illuminate\\Routing\\ResponseFactory->view('app', Array)
#10 D:\\Burhan\\Chat-Two\\chat-app-laravel\\vendor\\inertiajs\\inertia-laravel\\src\\Response.php(197): Illuminate\\Support\\Facades\\Facade::__callStatic('view', Array)
#11 D:\\Burhan\\Chat-Two\\chat-app-laravel\\vendor\\laravel\\framework\\src\\Illuminate\\Routing\\Router.php(921): Inertia\\Response->toResponse(Object(Illuminate\\Http\\Request))
#12 D:\\Burhan\\Chat-Two\\chat-app-laravel\\vendor\\laravel\\framework\\src\\Illuminate\\Routing\\Router.php(906): Illuminate\\Routing\\Router::toResponse(Object(Illuminate\\Http\\Request), Object(Inertia\\Response))
#13 D:\\Burhan\\Chat-Two\\chat-app-laravel\\vendor\\laravel\\framework\\src\\Illuminate\\Routing\\Router.php(821): Illuminate\\Routing\\Router->prepareResponse(Object(Illuminate\\Http\\Request), Object(Inertia\\Response))
#14 D:\\Burhan\\Chat-Two\\chat-app-laravel\\vendor\\laravel\\framework\\src\\Illuminate\\Pipeline\\Pipeline.php(180): Illuminate\\Routing\\Router->Illuminate\\Routing\\{closure}(Object(Illuminate\\Http\\Request))
#15 D:\\Burhan\\Chat-Two\\chat-app-laravel\\vendor\\laravel\\framework\\src\\Illuminate\\Auth\\Middleware\\EnsureEmailIsVerified.php(41): Illuminate\\Pipeline\\Pipeline->Illuminate\\Pipeline\\{closure}(Object(Illuminate\\Http\\Request))
#16 D:\\Burhan\\Chat-Two\\chat-app-laravel\\vendor\\laravel\\framework\\src\\Illuminate\\Pipeline\\Pipeline.php(219): Illuminate\\Auth\\Middleware\\EnsureEmailIsVerified->handle(Object(Illuminate\\Http\\Request), Object(Closure))
#17 D:\\Burhan\\Chat-Two\\chat-app-laravel\\vendor\\laravel\\framework\\src\\Illuminate\\Http\\Middleware\\AddLinkHeadersForPreloadedAssets.php(32): Illuminate\\Pipeline\\Pipeline->Illuminate\\Pipeline\\{closure}(Object(Illuminate\\Http\\Request))
#18 D:\\Burhan\\Chat-Two\\chat-app-laravel\\vendor\\laravel\\framework\\src\\Illuminate\\Pipeline\\Pipeline.php(219): Illuminate\\Http\\Middleware\\AddLinkHeadersForPreloadedAssets->handle(Object(Illuminate\\Http\\Request), Object(Closure))
#19 D:\\Burhan\\Chat-Two\\chat-app-laravel\\vendor\\inertiajs\\inertia-laravel\\src\\Middleware.php(96): Illuminate\\Pipeline\\Pipeline->Illuminate\\Pipeline\\{closure}(Object(Illuminate\\Http\\Request))
#20 D:\\Burhan\\Chat-Two\\chat-app-laravel\\vendor\\laravel\\framework\\src\\Illuminate\\Pipeline\\Pipeline.php(219): Inertia\\Middleware->handle(Object(Illuminate\\Http\\Request), Object(Closure))
#21 D:\\Burhan\\Chat-Two\\chat-app-laravel\\app\\Http\\Middleware\\HandleAppearance.php(21): Illuminate\\Pipeline\\Pipeline->Illuminate\\Pipeline\\{closure}(Object(Illuminate\\Http\\Request))
#22 D:\\Burhan\\Chat-Two\\chat-app-laravel\\vendor\\laravel\\framework\\src\\Illuminate\\Pipeline\\Pipeline.php(219): App\\Http\\Middleware\\HandleAppearance->handle(Object(Illuminate\\Http\\Request), Object(Closure))
#23 D:\\Burhan\\Chat-Two\\chat-app-laravel\\vendor\\laravel\\framework\\src\\Illuminate\\Routing\\Middleware\\SubstituteBindings.php(50): Illuminate\\Pipeline\\Pipeline->Illuminate\\Pipeline\\{closure}(Object(Illuminate\\Http\\Request))
#24 D:\\Burhan\\Chat-Two\\chat-app-laravel\\vendor\\laravel\\framework\\src\\Illuminate\\Pipeline\\Pipeline.php(219): Illuminate\\Routing\\Middleware\\SubstituteBindings->handle(Object(Illuminate\\Http\\Request), Object(Closure))
#25 D:\\Burhan\\Chat-Two\\chat-app-laravel\\vendor\\laravel\\framework\\src\\Illuminate\\Auth\\Middleware\\Authenticate.php(63): Illuminate\\Pipeline\\Pipeline->Illuminate\\Pipeline\\{closure}(Object(Illuminate\\Http\\Request))
#26 D:\\Burhan\\Chat-Two\\chat-app-laravel\\vendor\\laravel\\framework\\src\\Illuminate\\Pipeline\\Pipeline.php(219): Illuminate\\Auth\\Middleware\\Authenticate->handle(Object(Illuminate\\Http\\Request), Object(Closure))
#27 D:\\Burhan\\Chat-Two\\chat-app-laravel\\vendor\\laravel\\framework\\src\\Illuminate\\Foundation\\Http\\Middleware\\VerifyCsrfToken.php(87): Illuminate\\Pipeline\\Pipeline->Illuminate\\Pipeline\\{closure}(Object(Illuminate\\Http\\Request))
#28 D:\\Burhan\\Chat-Two\\chat-app-laravel\\vendor\\laravel\\framework\\src\\Illuminate\\Pipeline\\Pipeline.php(219): Illuminate\\Foundation\\Http\\Middleware\\VerifyCsrfToken->handle(Object(Illuminate\\Http\\Request), Object(Closure))
#29 D:\\Burhan\\Chat-Two\\chat-app-laravel\\vendor\\laravel\\framework\\src\\Illuminate\\View\\Middleware\\ShareErrorsFromSession.php(48): Illuminate\\Pipeline\\Pipeline->Illuminate\\Pipeline\\{closure}(Object(Illuminate\\Http\\Request))
#30 D:\\Burhan\\Chat-Two\\chat-app-laravel\\vendor\\laravel\\framework\\src\\Illuminate\\Pipeline\\Pipeline.php(219): Illuminate\\View\\Middleware\\ShareErrorsFromSession->handle(Object(Illuminate\\Http\\Request), Object(Closure))
#31 D:\\Burhan\\Chat-Two\\chat-app-laravel\\vendor\\laravel\\framework\\src\\Illuminate\\Session\\Middleware\\StartSession.php(120): Illuminate\\Pipeline\\Pipeline->Illuminate\\Pipeline\\{closure}(Object(Illuminate\\Http\\Request))
#32 D:\\Burhan\\Chat-Two\\chat-app-laravel\\vendor\\laravel\\framework\\src\\Illuminate\\Session\\Middleware\\StartSession.php(63): Illuminate\\Session\\Middleware\\StartSession->handleStatefulRequest(Object(Illuminate\\Http\\Request), Object(Illuminate\\Session\\Store), Object(Closure))
#33 D:\\Burhan\\Chat-Two\\chat-app-laravel\\vendor\\laravel\\framework\\src\\Illuminate\\Pipeline\\Pipeline.php(219): Illuminate\\Session\\Middleware\\StartSession->handle(Object(Illuminate\\Http\\Request), Object(Closure))
#34 D:\\Burhan\\Chat-Two\\chat-app-laravel\\vendor\\laravel\\framework\\src\\Illuminate\\Cookie\\Middleware\\AddQueuedCookiesToResponse.php(36): Illuminate\\Pipeline\\Pipeline->Illuminate\\Pipeline\\{closure}(Object(Illuminate\\Http\\Request))
#35 D:\\Burhan\\Chat-Two\\chat-app-laravel\\vendor\\laravel\\framework\\src\\Illuminate\\Pipeline\\Pipeline.php(219): Illuminate\\Cookie\\Middleware\\AddQueuedCookiesToResponse->handle(Object(Illuminate\\Http\\Request), Object(Closure))
#36 D:\\Burhan\\Chat-Two\\chat-app-laravel\\vendor\\laravel\\framework\\src\\Illuminate\\Cookie\\Middleware\\EncryptCookies.php(74): Illuminate\\Pipeline\\Pipeline->Illuminate\\Pipeline\\{closure}(Object(Illuminate\\Http\\Request))
#37 D:\\Burhan\\Chat-Two\\chat-app-laravel\\vendor\\laravel\\framework\\src\\Illuminate\\Pipeline\\Pipeline.php(219): Illuminate\\Cookie\\Middleware\\EncryptCookies->handle(Object(Illuminate\\Http\\Request), Object(Closure))
#38 D:\\Burhan\\Chat-Two\\chat-app-laravel\\vendor\\laravel\\framework\\src\\Illuminate\\Pipeline\\Pipeline.php(137): Illuminate\\Pipeline\\Pipeline->Illuminate\\Pipeline\\{closure}(Object(Illuminate\\Http\\Request))
#39 D:\\Burhan\\Chat-Two\\chat-app-laravel\\vendor\\laravel\\framework\\src\\Illuminate\\Routing\\Router.php(821): Illuminate\\Pipeline\\Pipeline->then(Object(Closure))
#40 D:\\Burhan\\Chat-Two\\chat-app-laravel\\vendor\\laravel\\framework\\src\\Illuminate\\Routing\\Router.php(800): Illuminate\\Routing\\Router->runRouteWithinStack(Object(Illuminate\\Routing\\Route), Object(Illuminate\\Http\\Request))
#41 D:\\Burhan\\Chat-Two\\chat-app-laravel\\vendor\\laravel\\framework\\src\\Illuminate\\Routing\\Router.php(764): Illuminate\\Routing\\Router->runRoute(Object(Illuminate\\Http\\Request), Object(Illuminate\\Routing\\Route))
#42 D:\\Burhan\\Chat-Two\\chat-app-laravel\\vendor\\laravel\\framework\\src\\Illuminate\\Routing\\Router.php(753): Illuminate\\Routing\\Router->dispatchToRoute(Object(Illuminate\\Http\\Request))
#43 D:\\Burhan\\Chat-Two\\chat-app-laravel\\vendor\\laravel\\framework\\src\\Illuminate\\Foundation\\Http\\Kernel.php(200): Illuminate\\Routing\\Router->dispatch(Object(Illuminate\\Http\\Request))
#44 D:\\Burhan\\Chat-Two\\chat-app-laravel\\vendor\\laravel\\framework\\src\\Illuminate\\Pipeline\\Pipeline.php(180): Illuminate\\Foundation\\Http\\Kernel->Illuminate\\Foundation\\Http\\{closure}(Object(Illuminate\\Http\\Request))
#45 D:\\Burhan\\Chat-Two\\chat-app-laravel\\vendor\\laravel\\framework\\src\\Illuminate\\Foundation\\Http\\Middleware\\TransformsRequest.php(21): Illuminate\\Pipeline\\Pipeline->Illuminate\\Pipeline\\{closure}(Object(Illuminate\\Http\\Request))
#46 D:\\Burhan\\Chat-Two\\chat-app-laravel\\vendor\\laravel\\framework\\src\\Illuminate\\Foundation\\Http\\Middleware\\ConvertEmptyStringsToNull.php(31): Illuminate\\Foundation\\Http\\Middleware\\TransformsRequest->handle(Object(Illuminate\\Http\\Request), Object(Closure))
#47 D:\\Burhan\\Chat-Two\\chat-app-laravel\\vendor\\laravel\\framework\\src\\Illuminate\\Pipeline\\Pipeline.php(219): Illuminate\\Foundation\\Http\\Middleware\\ConvertEmptyStringsToNull->handle(Object(Illuminate\\Http\\Request), Object(Closure))
#48 D:\\Burhan\\Chat-Two\\chat-app-laravel\\vendor\\laravel\\framework\\src\\Illuminate\\Foundation\\Http\\Middleware\\TransformsRequest.php(21): Illuminate\\Pipeline\\Pipeline->Illuminate\\Pipeline\\{closure}(Object(Illuminate\\Http\\Request))
#49 D:\\Burhan\\Chat-Two\\chat-app-laravel\\vendor\\laravel\\framework\\src\\Illuminate\\Foundation\\Http\\Middleware\\TrimStrings.php(51): Illuminate\\Foundation\\Http\\Middleware\\TransformsRequest->handle(Object(Illuminate\\Http\\Request), Object(Closure))
#50 D:\\Burhan\\Chat-Two\\chat-app-laravel\\vendor\\laravel\\framework\\src\\Illuminate\\Pipeline\\Pipeline.php(219): Illuminate\\Foundation\\Http\\Middleware\\TrimStrings->handle(Object(Illuminate\\Http\\Request), Object(Closure))
#51 D:\\Burhan\\Chat-Two\\chat-app-laravel\\vendor\\laravel\\framework\\src\\Illuminate\\Http\\Middleware\\ValidatePostSize.php(27): Illuminate\\Pipeline\\Pipeline->Illuminate\\Pipeline\\{closure}(Object(Illuminate\\Http\\Request))
#52 D:\\Burhan\\Chat-Two\\chat-app-laravel\\vendor\\laravel\\framework\\src\\Illuminate\\Pipeline\\Pipeline.php(219): Illuminate\\Http\\Middleware\\ValidatePostSize->handle(Object(Illuminate\\Http\\Request), Object(Closure))
#53 D:\\Burhan\\Chat-Two\\chat-app-laravel\\vendor\\laravel\\framework\\src\\Illuminate\\Foundation\\Http\\Middleware\\PreventRequestsDuringMaintenance.php(109): Illuminate\\Pipeline\\Pipeline->Illuminate\\Pipeline\\{closure}(Object(Illuminate\\Http\\Request))
#54 D:\\Burhan\\Chat-Two\\chat-app-laravel\\vendor\\laravel\\framework\\src\\Illuminate\\Pipeline\\Pipeline.php(219): Illuminate\\Foundation\\Http\\Middleware\\PreventRequestsDuringMaintenance->handle(Object(Illuminate\\Http\\Request), Object(Closure))
#55 D:\\Burhan\\Chat-Two\\chat-app-laravel\\vendor\\laravel\\framework\\src\\Illuminate\\Http\\Middleware\\HandleCors.php(48): Illuminate\\Pipeline\\Pipeline->Illuminate\\Pipeline\\{closure}(Object(Illuminate\\Http\\Request))
#56 D:\\Burhan\\Chat-Two\\chat-app-laravel\\vendor\\laravel\\framework\\src\\Illuminate\\Pipeline\\Pipeline.php(219): Illuminate\\Http\\Middleware\\HandleCors->handle(Object(Illuminate\\Http\\Request), Object(Closure))
#57 D:\\Burhan\\Chat-Two\\chat-app-laravel\\vendor\\laravel\\framework\\src\\Illuminate\\Http\\Middleware\\TrustProxies.php(58): Illuminate\\Pipeline\\Pipeline->Illuminate\\Pipeline\\{closure}(Object(Illuminate\\Http\\Request))
#58 D:\\Burhan\\Chat-Two\\chat-app-laravel\\vendor\\laravel\\framework\\src\\Illuminate\\Pipeline\\Pipeline.php(219): Illuminate\\Http\\Middleware\\TrustProxies->handle(Object(Illuminate\\Http\\Request), Object(Closure))
#59 D:\\Burhan\\Chat-Two\\chat-app-laravel\\vendor\\laravel\\framework\\src\\Illuminate\\Foundation\\Http\\Middleware\\InvokeDeferredCallbacks.php(22): Illuminate\\Pipeline\\Pipeline->Illuminate\\Pipeline\\{closure}(Object(Illuminate\\Http\\Request))
#60 D:\\Burhan\\Chat-Two\\chat-app-laravel\\vendor\\laravel\\framework\\src\\Illuminate\\Pipeline\\Pipeline.php(219): Illuminate\\Foundation\\Http\\Middleware\\InvokeDeferredCallbacks->handle(Object(Illuminate\\Http\\Request), Object(Closure))
#61 D:\\Burhan\\Chat-Two\\chat-app-laravel\\vendor\\laravel\\framework\\src\\Illuminate\\Http\\Middleware\\ValidatePathEncoding.php(26): Illuminate\\Pipeline\\Pipeline->Illuminate\\Pipeline\\{closure}(Object(Illuminate\\Http\\Request))
#62 D:\\Burhan\\Chat-Two\\chat-app-laravel\\vendor\\laravel\\framework\\src\\Illuminate\\Pipeline\\Pipeline.php(219): Illuminate\\Http\\Middleware\\ValidatePathEncoding->handle(Object(Illuminate\\Http\\Request), Object(Closure))
#63 D:\\Burhan\\Chat-Two\\chat-app-laravel\\vendor\\laravel\\framework\\src\\Illuminate\\Pipeline\\Pipeline.php(137): Illuminate\\Pipeline\\Pipeline->Illuminate\\Pipeline\\{closure}(Object(Illuminate\\Http\\Request))
#64 D:\\Burhan\\Chat-Two\\chat-app-laravel\\vendor\\laravel\\framework\\src\\Illuminate\\Foundation\\Http\\Kernel.php(175): Illuminate\\Pipeline\\Pipeline->then(Object(Closure))
#65 D:\\Burhan\\Chat-Two\\chat-app-laravel\\vendor\\laravel\\framework\\src\\Illuminate\\Foundation\\Http\\Kernel.php(144): Illuminate\\Foundation\\Http\\Kernel->sendRequestThroughRouter(Object(Illuminate\\Http\\Request))
#66 D:\\Burhan\\Chat-Two\\chat-app-laravel\\vendor\\laravel\\framework\\src\\Illuminate\\Foundation\\Application.php(1219): Illuminate\\Foundation\\Http\\Kernel->handle(Object(Illuminate\\Http\\Request))
#67 D:\\Burhan\\Chat-Two\\chat-app-laravel\\public\\index.php(25): Illuminate\\Foundation\\Application->handleRequest(Object(Illuminate\\Http\\Request))
#68 D:\\Burhan\\Chat-Two\\chat-app-laravel\\vendor\\laravel\\framework\\src\\Illuminate\\Foundation\\resources\\server.php(23): require_once('D:\\\\Burhan\\\\Chat-...')
#69 {main}

[previous exception] [object] (Illuminate\\Foundation\\ViteManifestNotFoundException(code: 0): Vite manifest not found at: D:\\Burhan\\Chat-Two\\chat-app-laravel\\public\\build/manifest.json at D:\\Burhan\\Chat-Two\\chat-app-laravel\\vendor\\laravel\\framework\\src\\Illuminate\\Foundation\\Vite.php:935)
[stacktrace]
#0 D:\\Burhan\\Chat-Two\\chat-app-laravel\\vendor\\laravel\\framework\\src\\Illuminate\\Foundation\\Vite.php(384): Illuminate\\Foundation\\Vite->manifest('build')
#1 D:\\Burhan\\Chat-Two\\chat-app-laravel\\storage\\framework\\views\\14785399364f79cace522cc2891fcfea.php(43): Illuminate\\Foundation\\Vite->__invoke(Object(Illuminate\\Support\\Collection))
#2 D:\\Burhan\\Chat-Two\\chat-app-laravel\\vendor\\laravel\\framework\\src\\Illuminate\\Filesystem\\Filesystem.php(123): require('D:\\\\Burhan\\\\Chat-...')
#3 D:\\Burhan\\Chat-Two\\chat-app-laravel\\vendor\\laravel\\framework\\src\\Illuminate\\Filesystem\\Filesystem.php(124): Illuminate\\Filesystem\\Filesystem::Illuminate\\Filesystem\\{closure}()
#4 D:\\Burhan\\Chat-Two\\chat-app-laravel\\vendor\\laravel\\framework\\src\\Illuminate\\View\\Engines\\PhpEngine.php(57): Illuminate\\Filesystem\\Filesystem->getRequire('D:\\\\Burhan\\\\Chat-...', Array)
#5 D:\\Burhan\\Chat-Two\\chat-app-laravel\\vendor\\laravel\\framework\\src\\Illuminate\\View\\Engines\\CompilerEngine.php(76): Illuminate\\View\\Engines\\PhpEngine->evaluatePath('D:\\\\Burhan\\\\Chat-...', Array)
#6 D:\\Burhan\\Chat-Two\\chat-app-laravel\\vendor\\laravel\\framework\\src\\Illuminate\\View\\View.php(208): Illuminate\\View\\Engines\\CompilerEngine->get('D:\\\\Burhan\\\\Chat-...', Array)
#7 D:\\Burhan\\Chat-Two\\chat-app-laravel\\vendor\\laravel\\framework\\src\\Illuminate\\View\\View.php(191): Illuminate\\View\\View->getContents()
#8 D:\\Burhan\\Chat-Two\\chat-app-laravel\\vendor\\laravel\\framework\\src\\Illuminate\\View\\View.php(160): Illuminate\\View\\View->renderContents()
#9 D:\\Burhan\\Chat-Two\\chat-app-laravel\\vendor\\laravel\\framework\\src\\Illuminate\\Http\\Response.php(78): Illuminate\\View\\View->render()
#10 D:\\Burhan\\Chat-Two\\chat-app-laravel\\vendor\\laravel\\framework\\src\\Illuminate\\Http\\Response.php(34): Illuminate\\Http\\Response->setContent(Object(Illuminate\\View\\View))
#11 D:\\Burhan\\Chat-Two\\chat-app-laravel\\vendor\\laravel\\framework\\src\\Illuminate\\Routing\\ResponseFactory.php(61): Illuminate\\Http\\Response->__construct(Object(Illuminate\\View\\View), 200, Array)
#12 D:\\Burhan\\Chat-Two\\chat-app-laravel\\vendor\\laravel\\framework\\src\\Illuminate\\Routing\\ResponseFactory.php(91): Illuminate\\Routing\\ResponseFactory->make(Object(Illuminate\\View\\View), 200, Array)
#13 D:\\Burhan\\Chat-Two\\chat-app-laravel\\vendor\\laravel\\framework\\src\\Illuminate\\Support\\Facades\\Facade.php(363): Illuminate\\Routing\\ResponseFactory->view('app', Array)
#14 D:\\Burhan\\Chat-Two\\chat-app-laravel\\vendor\\inertiajs\\inertia-laravel\\src\\Response.php(197): Illuminate\\Support\\Facades\\Facade::__callStatic('view', Array)
#15 D:\\Burhan\\Chat-Two\\chat-app-laravel\\vendor\\laravel\\framework\\src\\Illuminate\\Routing\\Router.php(921): Inertia\\Response->toResponse(Object(Illuminate\\Http\\Request))
#16 D:\\Burhan\\Chat-Two\\chat-app-laravel\\vendor\\laravel\\framework\\src\\Illuminate\\Routing\\Router.php(906): Illuminate\\Routing\\Router::toResponse(Object(Illuminate\\Http\\Request), Object(Inertia\\Response))
#17 D:\\Burhan\\Chat-Two\\chat-app-laravel\\vendor\\laravel\\framework\\src\\Illuminate\\Routing\\Router.php(821): Illuminate\\Routing\\Router->prepareResponse(Object(Illuminate\\Http\\Request), Object(Inertia\\Response))
#18 D:\\Burhan\\Chat-Two\\chat-app-laravel\\vendor\\laravel\\framework\\src\\Illuminate\\Pipeline\\Pipeline.php(180): Illuminate\\Routing\\Router->Illuminate\\Routing\\{closure}(Object(Illuminate\\Http\\Request))
#19 D:\\Burhan\\Chat-Two\\chat-app-laravel\\vendor\\laravel\\framework\\src\\Illuminate\\Auth\\Middleware\\EnsureEmailIsVerified.php(41): Illuminate\\Pipeline\\Pipeline->Illuminate\\Pipeline\\{closure}(Object(Illuminate\\Http\\Request))
#20 D:\\Burhan\\Chat-Two\\chat-app-laravel\\vendor\\laravel\\framework\\src\\Illuminate\\Pipeline\\Pipeline.php(219): Illuminate\\Auth\\Middleware\\EnsureEmailIsVerified->handle(Object(Illuminate\\Http\\Request), Object(Closure))
#21 D:\\Burhan\\Chat-Two\\chat-app-laravel\\vendor\\laravel\\framework\\src\\Illuminate\\Http\\Middleware\\AddLinkHeadersForPreloadedAssets.php(32): Illuminate\\Pipeline\\Pipeline->Illuminate\\Pipeline\\{closure}(Object(Illuminate\\Http\\Request))
#22 D:\\Burhan\\Chat-Two\\chat-app-laravel\\vendor\\laravel\\framework\\src\\Illuminate\\Pipeline\\Pipeline.php(219): Illuminate\\Http\\Middleware\\AddLinkHeadersForPreloadedAssets->handle(Object(Illuminate\\Http\\Request), Object(Closure))
#23 D:\\Burhan\\Chat-Two\\chat-app-laravel\\vendor\\inertiajs\\inertia-laravel\\src\\Middleware.php(96): Illuminate\\Pipeline\\Pipeline->Illuminate\\Pipeline\\{closure}(Object(Illuminate\\Http\\Request))
#24 D:\\Burhan\\Chat-Two\\chat-app-laravel\\vendor\\laravel\\framework\\src\\Illuminate\\Pipeline\\Pipeline.php(219): Inertia\\Middleware->handle(Object(Illuminate\\Http\\Request), Object(Closure))
#25 D:\\Burhan\\Chat-Two\\chat-app-laravel\\app\\Http\\Middleware\\HandleAppearance.php(21): Illuminate\\Pipeline\\Pipeline->Illuminate\\Pipeline\\{closure}(Object(Illuminate\\Http\\Request))
#26 D:\\Burhan\\Chat-Two\\chat-app-laravel\\vendor\\laravel\\framework\\src\\Illuminate\\Pipeline\\Pipeline.php(219): App\\Http\\Middleware\\HandleAppearance->handle(Object(Illuminate\\Http\\Request), Object(Closure))
#27 D:\\Burhan\\Chat-Two\\chat-app-laravel\\vendor\\laravel\\framework\\src\\Illuminate\\Routing\\Middleware\\SubstituteBindings.php(50): Illuminate\\Pipeline\\Pipeline->Illuminate\\Pipeline\\{closure}(Object(Illuminate\\Http\\Request))
#28 D:\\Burhan\\Chat-Two\\chat-app-laravel\\vendor\\laravel\\framework\\src\\Illuminate\\Pipeline\\Pipeline.php(219): Illuminate\\Routing\\Middleware\\SubstituteBindings->handle(Object(Illuminate\\Http\\Request), Object(Closure))
#29 D:\\Burhan\\Chat-Two\\chat-app-laravel\\vendor\\laravel\\framework\\src\\Illuminate\\Auth\\Middleware\\Authenticate.php(63): Illuminate\\Pipeline\\Pipeline->Illuminate\\Pipeline\\{closure}(Object(Illuminate\\Http\\Request))
#30 D:\\Burhan\\Chat-Two\\chat-app-laravel\\vendor\\laravel\\framework\\src\\Illuminate\\Pipeline\\Pipeline.php(219): Illuminate\\Auth\\Middleware\\Authenticate->handle(Object(Illuminate\\Http\\Request), Object(Closure))
#31 D:\\Burhan\\Chat-Two\\chat-app-laravel\\vendor\\laravel\\framework\\src\\Illuminate\\Foundation\\Http\\Middleware\\VerifyCsrfToken.php(87): Illuminate\\Pipeline\\Pipeline->Illuminate\\Pipeline\\{closure}(Object(Illuminate\\Http\\Request))
#32 D:\\Burhan\\Chat-Two\\chat-app-laravel\\vendor\\laravel\\framework\\src\\Illuminate\\Pipeline\\Pipeline.php(219): Illuminate\\Foundation\\Http\\Middleware\\VerifyCsrfToken->handle(Object(Illuminate\\Http\\Request), Object(Closure))
#33 D:\\Burhan\\Chat-Two\\chat-app-laravel\\vendor\\laravel\\framework\\src\\Illuminate\\View\\Middleware\\ShareErrorsFromSession.php(48): Illuminate\\Pipeline\\Pipeline->Illuminate\\Pipeline\\{closure}(Object(Illuminate\\Http\\Request))
#34 D:\\Burhan\\Chat-Two\\chat-app-laravel\\vendor\\laravel\\framework\\src\\Illuminate\\Pipeline\\Pipeline.php(219): Illuminate\\View\\Middleware\\ShareErrorsFromSession->handle(Object(Illuminate\\Http\\Request), Object(Closure))
#35 D:\\Burhan\\Chat-Two\\chat-app-laravel\\vendor\\laravel\\framework\\src\\Illuminate\\Session\\Middleware\\StartSession.php(120): Illuminate\\Pipeline\\Pipeline->Illuminate\\Pipeline\\{closure}(Object(Illuminate\\Http\\Request))
#36 D:\\Burhan\\Chat-Two\\chat-app-laravel\\vendor\\laravel\\framework\\src\\Illuminate\\Session\\Middleware\\StartSession.php(63): Illuminate\\Session\\Middleware\\StartSession->handleStatefulRequest(Object(Illuminate\\Http\\Request), Object(Illuminate\\Session\\Store), Object(Closure))
#37 D:\\Burhan\\Chat-Two\\chat-app-laravel\\vendor\\laravel\\framework\\src\\Illuminate\\Pipeline\\Pipeline.php(219): Illuminate\\Session\\Middleware\\StartSession->handle(Object(Illuminate\\Http\\Request), Object(Closure))
#38 D:\\Burhan\\Chat-Two\\chat-app-laravel\\vendor\\laravel\\framework\\src\\Illuminate\\Cookie\\Middleware\\AddQueuedCookiesToResponse.php(36): Illuminate\\Pipeline\\Pipeline->Illuminate\\Pipeline\\{closure}(Object(Illuminate\\Http\\Request))
#39 D:\\Burhan\\Chat-Two\\chat-app-laravel\\vendor\\laravel\\framework\\src\\Illuminate\\Pipeline\\Pipeline.php(219): Illuminate\\Cookie\\Middleware\\AddQueuedCookiesToResponse->handle(Object(Illuminate\\Http\\Request), Object(Closure))
#40 D:\\Burhan\\Chat-Two\\chat-app-laravel\\vendor\\laravel\\framework\\src\\Illuminate\\Cookie\\Middleware\\EncryptCookies.php(74): Illuminate\\Pipeline\\Pipeline->Illuminate\\Pipeline\\{closure}(Object(Illuminate\\Http\\Request))
#41 D:\\Burhan\\Chat-Two\\chat-app-laravel\\vendor\\laravel\\framework\\src\\Illuminate\\Pipeline\\Pipeline.php(219): Illuminate\\Cookie\\Middleware\\EncryptCookies->handle(Object(Illuminate\\Http\\Request), Object(Closure))
#42 D:\\Burhan\\Chat-Two\\chat-app-laravel\\vendor\\laravel\\framework\\src\\Illuminate\\Pipeline\\Pipeline.php(137): Illuminate\\Pipeline\\Pipeline->Illuminate\\Pipeline\\{closure}(Object(Illuminate\\Http\\Request))
#43 D:\\Burhan\\Chat-Two\\chat-app-laravel\\vendor\\laravel\\framework\\src\\Illuminate\\Routing\\Router.php(821): Illuminate\\Pipeline\\Pipeline->then(Object(Closure))
#44 D:\\Burhan\\Chat-Two\\chat-app-laravel\\vendor\\laravel\\framework\\src\\Illuminate\\Routing\\Router.php(800): Illuminate\\Routing\\Router->runRouteWithinStack(Object(Illuminate\\Routing\\Route), Object(Illuminate\\Http\\Request))
#45 D:\\Burhan\\Chat-Two\\chat-app-laravel\\vendor\\laravel\\framework\\src\\Illuminate\\Routing\\Router.php(764): Illuminate\\Routing\\Router->runRoute(Object(Illuminate\\Http\\Request), Object(Illuminate\\Routing\\Route))
#46 D:\\Burhan\\Chat-Two\\chat-app-laravel\\vendor\\laravel\\framework\\src\\Illuminate\\Routing\\Router.php(753): Illuminate\\Routing\\Router->dispatchToRoute(Object(Illuminate\\Http\\Request))
#47 D:\\Burhan\\Chat-Two\\chat-app-laravel\\vendor\\laravel\\framework\\src\\Illuminate\\Foundation\\Http\\Kernel.php(200): Illuminate\\Routing\\Router->dispatch(Object(Illuminate\\Http\\Request))
#48 D:\\Burhan\\Chat-Two\\chat-app-laravel\\vendor\\laravel\\framework\\src\\Illuminate\\Pipeline\\Pipeline.php(180): Illuminate\\Foundation\\Http\\Kernel->Illuminate\\Foundation\\Http\\{closure}(Object(Illuminate\\Http\\Request))
#49 D:\\Burhan\\Chat-Two\\chat-app-laravel\\vendor\\laravel\\framework\\src\\Illuminate\\Foundation\\Http\\Middleware\\TransformsRequest.php(21): Illuminate\\Pipeline\\Pipeline->Illuminate\\Pipeline\\{closure}(Object(Illuminate\\Http\\Request))
#50 D:\\Burhan\\Chat-Two\\chat-app-laravel\\vendor\\laravel\\framework\\src\\Illuminate\\Foundation\\Http\\Middleware\\ConvertEmptyStringsToNull.php(31): Illuminate\\Foundation\\Http\\Middleware\\TransformsRequest->handle(Object(Illuminate\\Http\\Request), Object(Closure))
#51 D:\\Burhan\\Chat-Two\\chat-app-laravel\\vendor\\laravel\\framework\\src\\Illuminate\\Pipeline\\Pipeline.php(219): Illuminate\\Foundation\\Http\\Middleware\\ConvertEmptyStringsToNull->handle(Object(Illuminate\\Http\\Request), Object(Closure))
#52 D:\\Burhan\\Chat-Two\\chat-app-laravel\\vendor\\laravel\\framework\\src\\Illuminate\\Foundation\\Http\\Middleware\\TransformsRequest.php(21): Illuminate\\Pipeline\\Pipeline->Illuminate\\Pipeline\\{closure}(Object(Illuminate\\Http\\Request))
#53 D:\\Burhan\\Chat-Two\\chat-app-laravel\\vendor\\laravel\\framework\\src\\Illuminate\\Foundation\\Http\\Middleware\\TrimStrings.php(51): Illuminate\\Foundation\\Http\\Middleware\\TransformsRequest->handle(Object(Illuminate\\Http\\Request), Object(Closure))
#54 D:\\Burhan\\Chat-Two\\chat-app-laravel\\vendor\\laravel\\framework\\src\\Illuminate\\Pipeline\\Pipeline.php(219): Illuminate\\Foundation\\Http\\Middleware\\TrimStrings->handle(Object(Illuminate\\Http\\Request), Object(Closure))
#55 D:\\Burhan\\Chat-Two\\chat-app-laravel\\vendor\\laravel\\framework\\src\\Illuminate\\Http\\Middleware\\ValidatePostSize.php(27): Illuminate\\Pipeline\\Pipeline->Illuminate\\Pipeline\\{closure}(Object(Illuminate\\Http\\Request))
#56 D:\\Burhan\\Chat-Two\\chat-app-laravel\\vendor\\laravel\\framework\\src\\Illuminate\\Pipeline\\Pipeline.php(219): Illuminate\\Http\\Middleware\\ValidatePostSize->handle(Object(Illuminate\\Http\\Request), Object(Closure))
#57 D:\\Burhan\\Chat-Two\\chat-app-laravel\\vendor\\laravel\\framework\\src\\Illuminate\\Foundation\\Http\\Middleware\\PreventRequestsDuringMaintenance.php(109): Illuminate\\Pipeline\\Pipeline->Illuminate\\Pipeline\\{closure}(Object(Illuminate\\Http\\Request))
#58 D:\\Burhan\\Chat-Two\\chat-app-laravel\\vendor\\laravel\\framework\\src\\Illuminate\\Pipeline\\Pipeline.php(219): Illuminate\\Foundation\\Http\\Middleware\\PreventRequestsDuringMaintenance->handle(Object(Illuminate\\Http\\Request), Object(Closure))
#59 D:\\Burhan\\Chat-Two\\chat-app-laravel\\vendor\\laravel\\framework\\src\\Illuminate\\Http\\Middleware\\HandleCors.php(48): Illuminate\\Pipeline\\Pipeline->Illuminate\\Pipeline\\{closure}(Object(Illuminate\\Http\\Request))
#60 D:\\Burhan\\Chat-Two\\chat-app-laravel\\vendor\\laravel\\framework\\src\\Illuminate\\Pipeline\\Pipeline.php(219): Illuminate\\Http\\Middleware\\HandleCors->handle(Object(Illuminate\\Http\\Request), Object(Closure))
#61 D:\\Burhan\\Chat-Two\\chat-app-laravel\\vendor\\laravel\\framework\\src\\Illuminate\\Http\\Middleware\\TrustProxies.php(58): Illuminate\\Pipeline\\Pipeline->Illuminate\\Pipeline\\{closure}(Object(Illuminate\\Http\\Request))
#62 D:\\Burhan\\Chat-Two\\chat-app-laravel\\vendor\\laravel\\framework\\src\\Illuminate\\Pipeline\\Pipeline.php(219): Illuminate\\Http\\Middleware\\TrustProxies->handle(Object(Illuminate\\Http\\Request), Object(Closure))
#63 D:\\Burhan\\Chat-Two\\chat-app-laravel\\vendor\\laravel\\framework\\src\\Illuminate\\Foundation\\Http\\Middleware\\InvokeDeferredCallbacks.php(22): Illuminate\\Pipeline\\Pipeline->Illuminate\\Pipeline\\{closure}(Object(Illuminate\\Http\\Request))
#64 D:\\Burhan\\Chat-Two\\chat-app-laravel\\vendor\\laravel\\framework\\src\\Illuminate\\Pipeline\\Pipeline.php(219): Illuminate\\Foundation\\Http\\Middleware\\InvokeDeferredCallbacks->handle(Object(Illuminate\\Http\\Request), Object(Closure))
#65 D:\\Burhan\\Chat-Two\\chat-app-laravel\\vendor\\laravel\\framework\\src\\Illuminate\\Http\\Middleware\\ValidatePathEncoding.php(26): Illuminate\\Pipeline\\Pipeline->Illuminate\\Pipeline\\{closure}(Object(Illuminate\\Http\\Request))
#66 D:\\Burhan\\Chat-Two\\chat-app-laravel\\vendor\\laravel\\framework\\src\\Illuminate\\Pipeline\\Pipeline.php(219): Illuminate\\Http\\Middleware\\ValidatePathEncoding->handle(Object(Illuminate\\Http\\Request), Object(Closure))
#67 D:\\Burhan\\Chat-Two\\chat-app-laravel\\vendor\\laravel\\framework\\src\\Illuminate\\Pipeline\\Pipeline.php(137): Illuminate\\Pipeline\\Pipeline->Illuminate\\Pipeline\\{closure}(Object(Illuminate\\Http\\Request))
#68 D:\\Burhan\\Chat-Two\\chat-app-laravel\\vendor\\laravel\\framework\\src\\Illuminate\\Foundation\\Http\\Kernel.php(175): Illuminate\\Pipeline\\Pipeline->then(Object(Closure))
#69 D:\\Burhan\\Chat-Two\\chat-app-laravel\\vendor\\laravel\\framework\\src\\Illuminate\\Foundation\\Http\\Kernel.php(144): Illuminate\\Foundation\\Http\\Kernel->sendRequestThroughRouter(Object(Illuminate\\Http\\Request))
#70 D:\\Burhan\\Chat-Two\\chat-app-laravel\\vendor\\laravel\\framework\\src\\Illuminate\\Foundation\\Application.php(1219): Illuminate\\Foundation\\Http\\Kernel->handle(Object(Illuminate\\Http\\Request))
#71 D:\\Burhan\\Chat-Two\\chat-app-laravel\\public\\index.php(25): Illuminate\\Foundation\\Application->handleRequest(Object(Illuminate\\Http\\Request))
#72 D:\\Burhan\\Chat-Two\\chat-app-laravel\\vendor\\laravel\\framework\\src\\Illuminate\\Foundation\\resources\\server.php(23): require_once('D:\\\\Burhan\\\\Chat-...')
#73 {main}
"} 
[2026-08-15 02:46:48] local.ERROR: GroqProvider request failed: cURL error 6: Could not resolve host: api.groq.ai (see https://curl.haxx.se/libcurl/c/libcurl-errors.html) for https://api.groq.ai/v1/chat/completions  
[2026-08-15 03:15:23] local.ERROR: Vite manifest not found at: D:\Burhan\Chat-Two\chat-app-laravel\public\build/manifest.json (View: D:\Burhan\Chat-Two\chat-app-laravel\resources\views\app.blade.php) {"userId":3,"exception":"[object] (Illuminate\\View\\ViewException(code: 0): Vite manifest not found at: D:\\Burhan\\Chat-Two\\chat-app-laravel\\public\\build/manifest.json (View: D:\\Burhan\\Chat-Two\\chat-app-laravel\\resources\\views\\app.blade.php) at D:\\Burhan\\Chat-Two\\chat-app-laravel\\vendor\\laravel\\framework\\src\\Illuminate\\Foundation\\Vite.php:935)
[stacktrace]
#0 D:\\Burhan\\Chat-Two\\chat-app-laravel\\vendor\\laravel\\framework\\src\\Illuminate\\View\\Engines\\PhpEngine.php(59): Illuminate\\View\\Engines\\CompilerEngine->handleViewException(Object(Illuminate\\Foundation\\ViteManifestNotFoundException), 1)
#1 D:\\Burhan\\Chat-Two\\chat-app-laravel\\vendor\\laravel\\framework\\src\\Illuminate\\View\\Engines\\CompilerEngine.php(76): Illuminate\\View\\Engines\\PhpEngine->evaluatePath('D:\\\\Burhan\\\\Chat-...', Array)
#2 D:\\Burhan\\Chat-Two\\chat-app-laravel\\vendor\\laravel\\framework\\src\\Illuminate\\View\\View.php(208): Illuminate\\View\\Engines\\CompilerEngine->get('D:\\\\Burhan\\\\Chat-...', Array)
#3 D:\\Burhan\\Chat-Two\\chat-app-laravel\\vendor\\laravel\\framework\\src\\Illuminate\\View\\View.php(191): Illuminate\\View\\View->getContents()
#4 D:\\Burhan\\Chat-Two\\chat-app-laravel\\vendor\\laravel\\framework\\src\\Illuminate\\View\\View.php(160): Illuminate\\View\\View->renderContents()
#5 D:\\Burhan\\Chat-Two\\chat-app-laravel\\vendor\\laravel\\framework\\src\\Illuminate\\Http\\Response.php(78): Illuminate\\View\\View->render()
#6 D:\\Burhan\\Chat-Two\\chat-app-laravel\\vendor\\laravel\\framework\\src\\Illuminate\\Http\\Response.php(34): Illuminate\\Http\\Response->setContent(Object(Illuminate\\View\\View))
#7 D:\\Burhan\\Chat-Two\\chat-app-laravel\\vendor\\laravel\\framework\\src\\Illuminate\\Routing\\ResponseFactory.php(61): Illuminate\\Http\\Response->__construct(Object(Illuminate\\View\\View), 200, Array)
#8 D:\\Burhan\\Chat-Two\\chat-app-laravel\\vendor\\laravel\\framework\\src\\Illuminate\\Routing\\ResponseFactory.php(91): Illuminate\\Routing\\ResponseFactory->make(Object(Illuminate\\View\\View), 200, Array)
#9 D:\\Burhan\\Chat-Two\\chat-app-laravel\\vendor\\laravel\\framework\\src\\Illuminate\\Support\\Facades\\Facade.php(363): Illuminate\\Routing\\ResponseFactory->view('app', Array)
#10 D:\\Burhan\\Chat-Two\\chat-app-laravel\\vendor\\inertiajs\\inertia-laravel\\src\\Response.php(197): Illuminate\\Support\\Facades\\Facade::__callStatic('view', Array)
#11 D:\\Burhan\\Chat-Two\\chat-app-laravel\\vendor\\laravel\\framework\\src\\Illuminate\\Routing\\Router.php(921): Inertia\\Response->toResponse(Object(Illuminate\\Http\\Request))
#12 D:\\Burhan\\Chat-Two\\chat-app-laravel\\vendor\\laravel\\framework\\src\\Illuminate\\Routing\\Router.php(906): Illuminate\\Routing\\Router::toResponse(Object(Illuminate\\Http\\Request), Object(Inertia\\Response))
#13 D:\\Burhan\\Chat-Two\\chat-app-laravel\\vendor\\laravel\\framework\\src\\Illuminate\\Routing\\Router.php(821): Illuminate\\Routing\\Router->prepareResponse(Object(Illuminate\\Http\\Request), Object(Inertia\\Response))
#14 D:\\Burhan\\Chat-Two\\chat-app-laravel\\vendor\\laravel\\framework\\src\\Illuminate\\Pipeline\\Pipeline.php(180): Illuminate\\Routing\\Router->Illuminate\\Routing\\{closure}(Object(Illuminate\\Http\\Request))
#15 D:\\Burhan\\Chat-Two\\chat-app-laravel\\vendor\\laravel\\framework\\src\\Illuminate\\Auth\\Middleware\\EnsureEmailIsVerified.php(41): Illuminate\\Pipeline\\Pipeline->Illuminate\\Pipeline\\{closure}(Object(Illuminate\\Http\\Request))
#16 D:\\Burhan\\Chat-Two\\chat-app-laravel\\vendor\\laravel\\framework\\src\\Illuminate\\Pipeline\\Pipeline.php(219): Illuminate\\Auth\\Middleware\\EnsureEmailIsVerified->handle(Object(Illuminate\\Http\\Request), Object(Closure))
#17 D:\\Burhan\\Chat-Two\\chat-app-laravel\\vendor\\laravel\\framework\\src\\Illuminate\\Http\\Middleware\\AddLinkHeadersForPreloadedAssets.php(32): Illuminate\\Pipeline\\Pipeline->Illuminate\\Pipeline\\{closure}(Object(Illuminate\\Http\\Request))
#18 D:\\Burhan\\Chat-Two\\chat-app-laravel\\vendor\\laravel\\framework\\src\\Illuminate\\Pipeline\\Pipeline.php(219): Illuminate\\Http\\Middleware\\AddLinkHeadersForPreloadedAssets->handle(Object(Illuminate\\Http\\Request), Object(Closure))
#19 D:\\Burhan\\Chat-Two\\chat-app-laravel\\vendor\\inertiajs\\inertia-laravel\\src\\Middleware.php(96): Illuminate\\Pipeline\\Pipeline->Illuminate\\Pipeline\\{closure}(Object(Illuminate\\Http\\Request))
#20 D:\\Burhan\\Chat-Two\\chat-app-laravel\\vendor\\laravel\\framework\\src\\Illuminate\\Pipeline\\Pipeline.php(219): Inertia\\Middleware->handle(Object(Illuminate\\Http\\Request), Object(Closure))
#21 D:\\Burhan\\Chat-Two\\chat-app-laravel\\app\\Http\\Middleware\\HandleAppearance.php(21): Illuminate\\Pipeline\\Pipeline->Illuminate\\Pipeline\\{closure}(Object(Illuminate\\Http\\Request))
#22 D:\\Burhan\\Chat-Two\\chat-app-laravel\\vendor\\laravel\\framework\\src\\Illuminate\\Pipeline\\Pipeline.php(219): App\\Http\\Middleware\\HandleAppearance->handle(Object(Illuminate\\Http\\Request), Object(Closure))
#23 D:\\Burhan\\Chat-Two\\chat-app-laravel\\vendor\\laravel\\framework\\src\\Illuminate\\Routing\\Middleware\\SubstituteBindings.php(50): Illuminate\\Pipeline\\Pipeline->Illuminate\\Pipeline\\{closure}(Object(Illuminate\\Http\\Request))
#24 D:\\Burhan\\Chat-Two\\chat-app-laravel\\vendor\\laravel\\framework\\src\\Illuminate\\Pipeline\\Pipeline.php(219): Illuminate\\Routing\\Middleware\\SubstituteBindings->handle(Object(Illuminate\\Http\\Request), Object(Closure))
#25 D:\\Burhan\\Chat-Two\\chat-app-laravel\\vendor\\laravel\\framework\\src\\Illuminate\\Auth\\Middleware\\Authenticate.php(63): Illuminate\\Pipeline\\Pipeline->Illuminate\\Pipeline\\{closure}(Object(Illuminate\\Http\\Request))
#26 D:\\Burhan\\Chat-Two\\chat-app-laravel\\vendor\\laravel\\framework\\src\\Illuminate\\Pipeline\\Pipeline.php(219): Illuminate\\Auth\\Middleware\\Authenticate->handle(Object(Illuminate\\Http\\Request), Object(Closure))
#27 D:\\Burhan\\Chat-Two\\chat-app-laravel\\vendor\\laravel\\framework\\src\\Illuminate\\Foundation\\Http\\Middleware\\VerifyCsrfToken.php(87): Illuminate\\Pipeline\\Pipeline->Illuminate\\Pipeline\\{closure}(Object(Illuminate\\Http\\Request))
#28 D:\\Burhan\\Chat-Two\\chat-app-laravel\\vendor\\laravel\\framework\\src\\Illuminate\\Pipeline\\Pipeline.php(219): Illuminate\\Foundation\\Http\\Middleware\\VerifyCsrfToken->handle(Object(Illuminate\\Http\\Request), Object(Closure))
#29 D:\\Burhan\\Chat-Two\\chat-app-laravel\\vendor\\laravel\\framework\\src\\Illuminate\\View\\Middleware\\ShareErrorsFromSession.php(48): Illuminate\\Pipeline\\Pipeline->Illuminate\\Pipeline\\{closure}(Object(Illuminate\\Http\\Request))
#30 D:\\Burhan\\Chat-Two\\chat-app-laravel\\vendor\\laravel\\framework\\src\\Illuminate\\Pipeline\\Pipeline.php(219): Illuminate\\View\\Middleware\\ShareErrorsFromSession->handle(Object(Illuminate\\Http\\Request), Object(Closure))
#31 D:\\Burhan\\Chat-Two\\chat-app-laravel\\vendor\\laravel\\framework\\src\\Illuminate\\Session\\Middleware\\StartSession.php(120): Illuminate\\Pipeline\\Pipeline->Illuminate\\Pipeline\\{closure}(Object(Illuminate\\Http\\Request))
#32 D:\\Burhan\\Chat-Two\\chat-app-laravel\\vendor\\laravel\\framework\\src\\Illuminate\\Session\\Middleware\\StartSession.php(63): Illuminate\\Session\\Middleware\\StartSession->handleStatefulRequest(Object(Illuminate\\Http\\Request), Object(Illuminate\\Session\\Store), Object(Closure))
#33 D:\\Burhan\\Chat-Two\\chat-app-laravel\\vendor\\laravel\\framework\\src\\Illuminate\\Pipeline\\Pipeline.php(219): Illuminate\\Session\\Middleware\\StartSession->handle(Object(Illuminate\\Http\\Request), Object(Closure))
#34 D:\\Burhan\\Chat-Two\\chat-app-laravel\\vendor\\laravel\\framework\\src\\Illuminate\\Cookie\\Middleware\\AddQueuedCookiesToResponse.php(36): Illuminate\\Pipeline\\Pipeline->Illuminate\\Pipeline\\{closure}(Object(Illuminate\\Http\\Request))
#35 D:\\Burhan\\Chat-Two\\chat-app-laravel\\vendor\\laravel\\framework\\src\\Illuminate\\Pipeline\\Pipeline.php(219): Illuminate\\Cookie\\Middleware\\AddQueuedCookiesToResponse->handle(Object(Illuminate\\Http\\Request), Object(Closure))
#36 D:\\Burhan\\Chat-Two\\chat-app-laravel\\vendor\\laravel\\framework\\src\\Illuminate\\Cookie\\Middleware\\EncryptCookies.php(74): Illuminate\\Pipeline\\Pipeline->Illuminate\\Pipeline\\{closure}(Object(Illuminate\\Http\\Request))
#37 D:\\Burhan\\Chat-Two\\chat-app-laravel\\vendor\\laravel\\framework\\src\\Illuminate\\Pipeline\\Pipeline.php(219): Illuminate\\Cookie\\Middleware\\EncryptCookies->handle(Object(Illuminate\\Http\\Request), Object(Closure))
#38 D:\\Burhan\\Chat-Two\\chat-app-laravel\\vendor\\laravel\\framework\\src\\Illuminate\\Pipeline\\Pipeline.php(137): Illuminate\\Pipeline\\Pipeline->Illuminate\\Pipeline\\{closure}(Object(Illuminate\\Http\\Request))
#39 D:\\Burhan\\Chat-Two\\chat-app-laravel\\vendor\\laravel\\framework\\src\\Illuminate\\Routing\\Router.php(821): Illuminate\\Pipeline\\Pipeline->then(Object(Closure))
#40 D:\\Burhan\\Chat-Two\\chat-app-laravel\\vendor\\laravel\\framework\\src\\Illuminate\\Routing\\Router.php(800): Illuminate\\Routing\\Router->runRouteWithinStack(Object(Illuminate\\Routing\\Route), Object(Illuminate\\Http\\Request))
#41 D:\\Burhan\\Chat-Two\\chat-app-laravel\\vendor\\laravel\\framework\\src\\Illuminate\\Routing\\Router.php(764): Illuminate\\Routing\\Router->runRoute(Object(Illuminate\\Http\\Request), Object(Illuminate\\Routing\\Route))
#42 D:\\Burhan\\Chat-Two\\chat-app-laravel\\vendor\\laravel\\framework\\src\\Illuminate\\Routing\\Router.php(753): Illuminate\\Routing\\Router->dispatchToRoute(Object(Illuminate\\Http\\Request))
#43 D:\\Burhan\\Chat-Two\\chat-app-laravel\\vendor\\laravel\\framework\\src\\Illuminate\\Foundation\\Http\\Kernel.php(200): Illuminate\\Routing\\Router->dispatch(Object(Illuminate\\Http\\Request))
#44 D:\\Burhan\\Chat-Two\\chat-app-laravel\\vendor\\laravel\\framework\\src\\Illuminate\\Pipeline\\Pipeline.php(180): Illuminate\\Foundation\\Http\\Kernel->Illuminate\\Foundation\\Http\\{closure}(Object(Illuminate\\Http\\Request))
#45 D:\\Burhan\\Chat-Two\\chat-app-laravel\\vendor\\laravel\\framework\\src\\Illuminate\\Foundation\\Http\\Middleware\\TransformsRequest.php(21): Illuminate\\Pipeline\\Pipeline->Illuminate\\Pipeline\\{closure}(Object(Illuminate\\Http\\Request))
#46 D:\\Burhan\\Chat-Two\\chat-app-laravel\\vendor\\laravel\\framework\\src\\Illuminate\\Foundation\\Http\\Middleware\\ConvertEmptyStringsToNull.php(31): Illuminate\\Foundation\\Http\\Middleware\\TransformsRequest->handle(Object(Illuminate\\Http\\Request), Object(Closure))
#47 D:\\Burhan\\Chat-Two\\chat-app-laravel\\vendor\\laravel\\framework\\src\\Illuminate\\Pipeline\\Pipeline.php(219): Illuminate\\Foundation\\Http\\Middleware\\ConvertEmptyStringsToNull->handle(Object(Illuminate\\Http\\Request), Object(Closure))
#48 D:\\Burhan\\Chat-Two\\chat-app-laravel\\vendor\\laravel\\framework\\src\\Illuminate\\Foundation\\Http\\Middleware\\TransformsRequest.php(21): Illuminate\\Pipeline\\Pipeline->Illuminate\\Pipeline\\{closure}(Object(Illuminate\\Http\\Request))
#49 D:\\Burhan\\Chat-Two\\chat-app-laravel\\vendor\\laravel\\framework\\src\\Illuminate\\Foundation\\Http\\Middleware\\TrimStrings.php(51): Illuminate\\Foundation\\Http\\Middleware\\TransformsRequest->handle(Object(Illuminate\\Http\\Request), Object(Closure))
#50 D:\\Burhan\\Chat-Two\\chat-app-laravel\\vendor\\laravel\\framework\\src\\Illuminate\\Pipeline\\Pipeline.php(219): Illuminate\\Foundation\\Http\\Middleware\\TrimStrings->handle(Object(Illuminate\\Http\\Request), Object(Closure))
#51 D:\\Burhan\\Chat-Two\\chat-app-laravel\\vendor\\laravel\\framework\\src\\Illuminate\\Http\\Middleware\\ValidatePostSize.php(27): Illuminate\\Pipeline\\Pipeline->Illuminate\\Pipeline\\{closure}(Object(Illuminate\\Http\\Request))
#52 D:\\Burhan\\Chat-Two\\chat-app-laravel\\vendor\\laravel\\framework\\src\\Illuminate\\Pipeline\\Pipeline.php(219): Illuminate\\Http\\Middleware\\ValidatePostSize->handle(Object(Illuminate\\Http\\Request), Object(Closure))
#53 D:\\Burhan\\Chat-Two\\chat-app-laravel\\vendor\\laravel\\framework\\src\\Illuminate\\Foundation\\Http\\Middleware\\PreventRequestsDuringMaintenance.php(109): Illuminate\\Pipeline\\Pipeline->Illuminate\\Pipeline\\{closure}(Object(Illuminate\\Http\\Request))
#54 D:\\Burhan\\Chat-Two\\chat-app-laravel\\vendor\\laravel\\framework\\src\\Illuminate\\Pipeline\\Pipeline.php(219): Illuminate\\Foundation\\Http\\Middleware\\PreventRequestsDuringMaintenance->handle(Object(Illuminate\\Http\\Request), Object(Closure))
#55 D:\\Burhan\\Chat-Two\\chat-app-laravel\\vendor\\laravel\\framework\\src\\Illuminate\\Http\\Middleware\\HandleCors.php(48): Illuminate\\Pipeline\\Pipeline->Illuminate\\Pipeline\\{closure}(Object(Illuminate\\Http\\Request))
#56 D:\\Burhan\\Chat-Two\\chat-app-laravel\\vendor\\laravel\\framework\\src\\Illuminate\\Pipeline\\Pipeline.php(219): Illuminate\\Http\\Middleware\\HandleCors->handle(Object(Illuminate\\Http\\Request), Object(Closure))
#57 D:\\Burhan\\Chat-Two\\chat-app-laravel\\vendor\\laravel\\framework\\src\\Illuminate\\Http\\Middleware\\TrustProxies.php(58): Illuminate\\Pipeline\\Pipeline->Illuminate\\Pipeline\\{closure}(Object(Illuminate\\Http\\Request))
#58 D:\\Burhan\\Chat-Two\\chat-app-laravel\\vendor\\laravel\\framework\\src\\Illuminate\\Pipeline\\Pipeline.php(219): Illuminate\\Http\\Middleware\\TrustProxies->handle(Object(Illuminate\\Http\\Request), Object(Closure))
#59 D:\\Burhan\\Chat-Two\\chat-app-laravel\\vendor\\laravel\\framework\\src\\Illuminate\\Foundation\\Http\\Middleware\\InvokeDeferredCallbacks.php(22): Illuminate\\Pipeline\\Pipeline->Illuminate\\Pipeline\\{closure}(Object(Illuminate\\Http\\Request))
#60 D:\\Burhan\\Chat-Two\\chat-app-laravel\\vendor\\laravel\\framework\\src\\Illuminate\\Pipeline\\Pipeline.php(219): Illuminate\\Foundation\\Http\\Middleware\\InvokeDeferredCallbacks->handle(Object(Illuminate\\Http\\Request), Object(Closure))
#61 D:\\Burhan\\Chat-Two\\chat-app-laravel\\vendor\\laravel\\framework\\src\\Illuminate\\Http\\Middleware\\ValidatePathEncoding.php(26): Illuminate\\Pipeline\\Pipeline->Illuminate\\Pipeline\\{closure}(Object(Illuminate\\Http\\Request))
#62 D:\\Burhan\\Chat-Two\\chat-app-laravel\\vendor\\laravel\\framework\\src\\Illuminate\\Pipeline\\Pipeline.php(219): Illuminate\\Http\\Middleware\\ValidatePathEncoding->handle(Object(Illuminate\\Http\\Request), Object(Closure))
#63 D:\\Burhan\\Chat-Two\\chat-app-laravel\\vendor\\laravel\\framework\\src\\Illuminate\\Pipeline\\Pipeline.php(137): Illuminate\\Pipeline\\Pipeline->Illuminate\\Pipeline\\{closure}(Object(Illuminate\\Http\\Request))
#64 D:\\Burhan\\Chat-Two\\chat-app-laravel\\vendor\\laravel\\framework\\src\\Illuminate\\Foundation\\Http\\Kernel.php(175): Illuminate\\Pipeline\\Pipeline->then(Object(Closure))
#65 D:\\Burhan\\Chat-Two\\chat-app-laravel\\vendor\\laravel\\framework\\src\\Illuminate\\Foundation\\Http\\Kernel.php(144): Illuminate\\Foundation\\Http\\Kernel->sendRequestThroughRouter(Object(Illuminate\\Http\\Request))
#66 D:\\Burhan\\Chat-Two\\chat-app-laravel\\vendor\\laravel\\framework\\src\\Illuminate\\Foundation\\Application.php(1219): Illuminate\\Foundation\\Http\\Kernel->handle(Object(Illuminate\\Http\\Request))
#67 D:\\Burhan\\Chat-Two\\chat-app-laravel\\public\\index.php(25): Illuminate\\Foundation\\Application->handleRequest(Object(Illuminate\\Http\\Request))
#68 D:\\Burhan\\Chat-Two\\chat-app-laravel\\vendor\\laravel\\framework\\src\\Illuminate\\Foundation\\resources\\server.php(23): require_once('D:\\\\Burhan\\\\Chat-...')
#69 {main}

[previous exception] [object] (Illuminate\\Foundation\\ViteManifestNotFoundException(code: 0): Vite manifest not found at: D:\\Burhan\\Chat-Two\\chat-app-laravel\\public\\build/manifest.json at D:\\Burhan\\Chat-Two\\chat-app-laravel\\vendor\\laravel\\framework\\src\\Illuminate\\Foundation\\Vite.php:935)
[stacktrace]
#0 D:\\Burhan\\Chat-Two\\chat-app-laravel\\vendor\\laravel\\framework\\src\\Illuminate\\Foundation\\Vite.php(384): Illuminate\\Foundation\\Vite->manifest('build')
#1 D:\\Burhan\\Chat-Two\\chat-app-laravel\\storage\\framework\\views\\14785399364f79cace522cc2891fcfea.php(43): Illuminate\\Foundation\\Vite->__invoke(Object(Illuminate\\Support\\Collection))
#2 D:\\Burhan\\Chat-Two\\chat-app-laravel\\vendor\\laravel\\framework\\src\\Illuminate\\Filesystem\\Filesystem.php(123): require('D:\\\\Burhan\\\\Chat-...')
#3 D:\\Burhan\\Chat-Two\\chat-app-laravel\\vendor\\laravel\\framework\\src\\Illuminate\\Filesystem\\Filesystem.php(124): Illuminate\\Filesystem\\Filesystem::Illuminate\\Filesystem\\{closure}()
#4 D:\\Burhan\\Chat-Two\\chat-app-laravel\\vendor\\laravel\\framework\\src\\Illuminate\\View\\Engines\\PhpEngine.php(57): Illuminate\\Filesystem\\Filesystem->getRequire('D:\\\\Burhan\\\\Chat-...', Array)
#5 D:\\Burhan\\Chat-Two\\chat-app-laravel\\vendor\\laravel\\framework\\src\\Illuminate\\View\\Engines\\CompilerEngine.php(76): Illuminate\\View\\Engines\\PhpEngine->evaluatePath('D:\\\\Burhan\\\\Chat-...', Array)
#6 D:\\Burhan\\Chat-Two\\chat-app-laravel\\vendor\\laravel\\framework\\src\\Illuminate\\View\\View.php(208): Illuminate\\View\\Engines\\CompilerEngine->get('D:\\\\Burhan\\\\Chat-...', Array)
#7 D:\\Burhan\\Chat-Two\\chat-app-laravel\\vendor\\laravel\\framework\\src\\Illuminate\\View\\View.php(191): Illuminate\\View\\View->getContents()
#8 D:\\Burhan\\Chat-Two\\chat-app-laravel\\vendor\\laravel\\framework\\src\\Illuminate\\View\\View.php(160): Illuminate\\View\\View->renderContents()
#9 D:\\Burhan\\Chat-Two\\chat-app-laravel\\vendor\\laravel\\framework\\src\\Illuminate\\Http\\Response.php(78): Illuminate\\View\\View->render()
#10 D:\\Burhan\\Chat-Two\\chat-app-laravel\\vendor\\laravel\\framework\\src\\Illuminate\\Http\\Response.php(34): Illuminate\\Http\\Response->setContent(Object(Illuminate\\View\\View))
#11 D:\\Burhan\\Chat-Two\\chat-app-laravel\\vendor\\laravel\\framework\\src\\Illuminate\\Routing\\ResponseFactory.php(61): Illuminate\\Http\\Response->__construct(Object(Illuminate\\View\\View), 200, Array)
#12 D:\\Burhan\\Chat-Two\\chat-app-laravel\\vendor\\laravel\\framework\\src\\Illuminate\\Routing\\ResponseFactory.php(91): Illuminate\\Routing\\ResponseFactory->make(Object(Illuminate\\View\\View), 200, Array)
#13 D:\\Burhan\\Chat-Two\\chat-app-laravel\\vendor\\laravel\\framework\\src\\Illuminate\\Support\\Facades\\Facade.php(363): Illuminate\\Routing\\ResponseFactory->view('app', Array)
#14 D:\\Burhan\\Chat-Two\\chat-app-laravel\\vendor\\inertiajs\\inertia-laravel\\src\\Response.php(197): Illuminate\\Support\\Facades\\Facade::__callStatic('view', Array)
#15 D:\\Burhan\\Chat-Two\\chat-app-laravel\\vendor\\laravel\\framework\\src\\Illuminate\\Routing\\Router.php(921): Inertia\\Response->toResponse(Object(Illuminate\\Http\\Request))
#16 D:\\Burhan\\Chat-Two\\chat-app-laravel\\vendor\\laravel\\framework\\src\\Illuminate\\Routing\\Router.php(906): Illuminate\\Routing\\Router::toResponse(Object(Illuminate\\Http\\Request), Object(Inertia\\Response))
#17 D:\\Burhan\\Chat-Two\\chat-app-laravel\\vendor\\laravel\\framework\\src\\Illuminate\\Routing\\Router.php(821): Illuminate\\Routing\\Router->prepareResponse(Object(Illuminate\\Http\\Request), Object(Inertia\\Response))
#18 D:\\Burhan\\Chat-Two\\chat-app-laravel\\vendor\\laravel\\framework\\src\\Illuminate\\Pipeline\\Pipeline.php(180): Illuminate\\Routing\\Router->Illuminate\\Routing\\{closure}(Object(Illuminate\\Http\\Request))
#19 D:\\Burhan\\Chat-Two\\chat-app-laravel\\vendor\\laravel\\framework\\src\\Illuminate\\Auth\\Middleware\\EnsureEmailIsVerified.php(41): Illuminate\\Pipeline\\Pipeline->Illuminate\\Pipeline\\{closure}(Object(Illuminate\\Http\\Request))
#20 D:\\Burhan\\Chat-Two\\chat-app-laravel\\vendor\\laravel\\framework\\src\\Illuminate\\Pipeline\\Pipeline.php(219): Illuminate\\Auth\\Middleware\\EnsureEmailIsVerified->handle(Object(Illuminate\\Http\\Request), Object(Closure))
#21 D:\\Burhan\\Chat-Two\\chat-app-laravel\\vendor\\laravel\\framework\\src\\Illuminate\\Http\\Middleware\\AddLinkHeadersForPreloadedAssets.php(32): Illuminate\\Pipeline\\Pipeline->Illuminate\\Pipeline\\{closure}(Object(Illuminate\\Http\\Request))
#22 D:\\Burhan\\Chat-Two\\chat-app-laravel\\vendor\\laravel\\framework\\src\\Illuminate\\Pipeline\\Pipeline.php(219): Illuminate\\Http\\Middleware\\AddLinkHeadersForPreloadedAssets->handle(Object(Illuminate\\Http\\Request), Object(Closure))
#23 D:\\Burhan\\Chat-Two\\chat-app-laravel\\vendor\\inertiajs\\inertia-laravel\\src\\Middleware.php(96): Illuminate\\Pipeline\\Pipeline->Illuminate\\Pipeline\\{closure}(Object(Illuminate\\Http\\Request))
#24 D:\\Burhan\\Chat-Two\\chat-app-laravel\\vendor\\laravel\\framework\\src\\Illuminate\\Pipeline\\Pipeline.php(219): Inertia\\Middleware->handle(Object(Illuminate\\Http\\Request), Object(Closure))
#25 D:\\Burhan\\Chat-Two\\chat-app-laravel\\app\\Http\\Middleware\\HandleAppearance.php(21): Illuminate\\Pipeline\\Pipeline->Illuminate\\Pipeline\\{closure}(Object(Illuminate\\Http\\Request))
#26 D:\\Burhan\\Chat-Two\\chat-app-laravel\\vendor\\laravel\\framework\\src\\Illuminate\\Pipeline\\Pipeline.php(219): App\\Http\\Middleware\\HandleAppearance->handle(Object(Illuminate\\Http\\Request), Object(Closure))
#27 D:\\Burhan\\Chat-Two\\chat-app-laravel\\vendor\\laravel\\framework\\src\\Illuminate\\Routing\\Middleware\\SubstituteBindings.php(50): Illuminate\\Pipeline\\Pipeline->Illuminate\\Pipeline\\{closure}(Object(Illuminate\\Http\\Request))
#28 D:\\Burhan\\Chat-Two\\chat-app-laravel\\vendor\\laravel\\framework\\src\\Illuminate\\Pipeline\\Pipeline.php(219): Illuminate\\Routing\\Middleware\\SubstituteBindings->handle(Object(Illuminate\\Http\\Request), Object(Closure))
#29 D:\\Burhan\\Chat-Two\\chat-app-laravel\\vendor\\laravel\\framework\\src\\Illuminate\\Auth\\Middleware\\Authenticate.php(63): Illuminate\\Pipeline\\Pipeline->Illuminate\\Pipeline\\{closure}(Object(Illuminate\\Http\\Request))
#30 D:\\Burhan\\Chat-Two\\chat-app-laravel\\vendor\\laravel\\framework\\src\\Illuminate\\Pipeline\\Pipeline.php(219): Illuminate\\Auth\\Middleware\\Authenticate->handle(Object(Illuminate\\Http\\Request), Object(Closure))
#31 D:\\Burhan\\Chat-Two\\chat-app-laravel\\vendor\\laravel\\framework\\src\\Illuminate\\Foundation\\Http\\Middleware\\VerifyCsrfToken.php(87): Illuminate\\Pipeline\\Pipeline->Illuminate\\Pipeline\\{closure}(Object(Illuminate\\Http\\Request))
#32 D:\\Burhan\\Chat-Two\\chat-app-laravel\\vendor\\laravel\\framework\\src\\Illuminate\\Pipeline\\Pipeline.php(219): Illuminate\\Foundation\\Http\\Middleware\\VerifyCsrfToken->handle(Object(Illuminate\\Http\\Request), Object(Closure))
#33 D:\\Burhan\\Chat-Two\\chat-app-laravel\\vendor\\laravel\\framework\\src\\Illuminate\\View\\Middleware\\ShareErrorsFromSession.php(48): Illuminate\\Pipeline\\Pipeline->Illuminate\\Pipeline\\{closure}(Object(Illuminate\\Http\\Request))
#34 D:\\Burhan\\Chat-Two\\chat-app-laravel\\vendor\\laravel\\framework\\src\\Illuminate\\Pipeline\\Pipeline.php(219): Illuminate\\View\\Middleware\\ShareErrorsFromSession->handle(Object(Illuminate\\Http\\Request), Object(Closure))
#35 D:\\Burhan\\Chat-Two\\chat-app-laravel\\vendor\\laravel\\framework\\src\\Illuminate\\Session\\Middleware\\StartSession.php(120): Illuminate\\Pipeline\\Pipeline->Illuminate\\Pipeline\\{closure}(Object(Illuminate\\Http\\Request))
#36 D:\\Burhan\\Chat-Two\\chat-app-laravel\\vendor\\laravel\\framework\\src\\Illuminate\\Session\\Middleware\\StartSession.php(63): Illuminate\\Session\\Middleware\\StartSession->handleStatefulRequest(Object(Illuminate\\Http\\Request), Object(Illuminate\\Session\\Store), Object(Closure))
#37 D:\\Burhan\\Chat-Two\\chat-app-laravel\\vendor\\laravel\\framework\\src\\Illuminate\\Pipeline\\Pipeline.php(219): Illuminate\\Session\\Middleware\\StartSession->handle(Object(Illuminate\\Http\\Request), Object(Closure))
#38 D:\\Burhan\\Chat-Two\\chat-app-laravel\\vendor\\laravel\\framework\\src\\Illuminate\\Cookie\\Middleware\\AddQueuedCookiesToResponse.php(36): Illuminate\\Pipeline\\Pipeline->Illuminate\\Pipeline\\{closure}(Object(Illuminate\\Http\\Request))
#39 D:\\Burhan\\Chat-Two\\chat-app-laravel\\vendor\\laravel\\framework\\src\\Illuminate\\Pipeline\\Pipeline.php(219): Illuminate\\Cookie\\Middleware\\AddQueuedCookiesToResponse->handle(Object(Illuminate\\Http\\Request), Object(Closure))
#40 D:\\Burhan\\Chat-Two\\chat-app-laravel\\vendor\\laravel\\framework\\src\\Illuminate\\Cookie\\Middleware\\EncryptCookies.php(74): Illuminate\\Pipeline\\Pipeline->Illuminate\\Pipeline\\{closure}(Object(Illuminate\\Http\\Request))
#41 D:\\Burhan\\Chat-Two\\chat-app-laravel\\vendor\\laravel\\framework\\src\\Illuminate\\Pipeline\\Pipeline.php(219): Illuminate\\Cookie\\Middleware\\EncryptCookies->handle(Object(Illuminate\\Http\\Request), Object(Closure))
#42 D:\\Burhan\\Chat-Two\\chat-app-laravel\\vendor\\laravel\\framework\\src\\Illuminate\\Pipeline\\Pipeline.php(137): Illuminate\\Pipeline\\Pipeline->Illuminate\\Pipeline\\{closure}(Object(Illuminate\\Http\\Request))
#43 D:\\Burhan\\Chat-Two\\chat-app-laravel\\vendor\\laravel\\framework\\src\\Illuminate\\Routing\\Router.php(821): Illuminate\\Pipeline\\Pipeline->then(Object(Closure))
#44 D:\\Burhan\\Chat-Two\\chat-app-laravel\\vendor\\laravel\\framework\\src\\Illuminate\\Routing\\Router.php(800): Illuminate\\Routing\\Router->runRouteWithinStack(Object(Illuminate\\Routing\\Route), Object(Illuminate\\Http\\Request))
#45 D:\\Burhan\\Chat-Two\\chat-app-laravel\\vendor\\laravel\\framework\\src\\Illuminate\\Routing\\Router.php(764): Illuminate\\Routing\\Router->runRoute(Object(Illuminate\\Http\\Request), Object(Illuminate\\Routing\\Route))
#46 D:\\Burhan\\Chat-Two\\chat-app-laravel\\vendor\\laravel\\framework\\src\\Illuminate\\Routing\\Router.php(753): Illuminate\\Routing\\Router->dispatchToRoute(Object(Illuminate\\Http\\Request))
#47 D:\\Burhan\\Chat-Two\\chat-app-laravel\\vendor\\laravel\\framework\\src\\Illuminate\\Foundation\\Http\\Kernel.php(200): Illuminate\\Routing\\Router->dispatch(Object(Illuminate\\Http\\Request))
#48 D:\\Burhan\\Chat-Two\\chat-app-laravel\\vendor\\laravel\\framework\\src\\Illuminate\\Pipeline\\Pipeline.php(180): Illuminate\\Foundation\\Http\\Kernel->Illuminate\\Foundation\\Http\\{closure}(Object(Illuminate\\Http\\Request))
#49 D:\\Burhan\\Chat-Two\\chat-app-laravel\\vendor\\laravel\\framework\\src\\Illuminate\\Foundation\\Http\\Middleware\\TransformsRequest.php(21): Illuminate\\Pipeline\\Pipeline->Illuminate\\Pipeline\\{closure}(Object(Illuminate\\Http\\Request))
#50 D:\\Burhan\\Chat-Two\\chat-app-laravel\\vendor\\laravel\\framework\\src\\Illuminate\\Foundation\\Http\\Middleware\\ConvertEmptyStringsToNull.php(31): Illuminate\\Foundation\\Http\\Middleware\\TransformsRequest->handle(Object(Illuminate\\Http\\Request), Object(Closure))
#51 D:\\Burhan\\Chat-Two\\chat-app-laravel\\vendor\\laravel\\framework\\src\\Illuminate\\Pipeline\\Pipeline.php(219): Illuminate\\Foundation\\Http\\Middleware\\ConvertEmptyStringsToNull->handle(Object(Illuminate\\Http\\Request), Object(Closure))
#52 D:\\Burhan\\Chat-Two\\chat-app-laravel\\vendor\\laravel\\framework\\src\\Illuminate\\Foundation\\Http\\Middleware\\TransformsRequest.php(21): Illuminate\\Pipeline\\Pipeline->Illuminate\\Pipeline\\{closure}(Object(Illuminate\\Http\\Request))
#53 D:\\Burhan\\Chat-Two\\chat-app-laravel\\vendor\\laravel\\framework\\src\\Illuminate\\Foundation\\Http\\Middleware\\TrimStrings.php(51): Illuminate\\Foundation\\Http\\Middleware\\TransformsRequest->handle(Object(Illuminate\\Http\\Request), Object(Closure))
#54 D:\\Burhan\\Chat-Two\\chat-app-laravel\\vendor\\laravel\\framework\\src\\Illuminate\\Pipeline\\Pipeline.php(219): Illuminate\\Foundation\\Http\\Middleware\\TrimStrings->handle(Object(Illuminate\\Http\\Request), Object(Closure))
#55 D:\\Burhan\\Chat-Two\\chat-app-laravel\\vendor\\laravel\\framework\\src\\Illuminate\\Http\\Middleware\\ValidatePostSize.php(27): Illuminate\\Pipeline\\Pipeline->Illuminate\\Pipeline\\{closure}(Object(Illuminate\\Http\\Request))
#56 D:\\Burhan\\Chat-Two\\chat-app-laravel\\vendor\\laravel\\framework\\src\\Illuminate\\Pipeline\\Pipeline.php(219): Illuminate\\Http\\Middleware\\ValidatePostSize->handle(Object(Illuminate\\Http\\Request), Object(Closure))
#57 D:\\Burhan\\Chat-Two\\chat-app-laravel\\vendor\\laravel\\framework\\src\\Illuminate\\Foundation\\Http\\Middleware\\PreventRequestsDuringMaintenance.php(109): Illuminate\\Pipeline\\Pipeline->Illuminate\\Pipeline\\{closure}(Object(Illuminate\\Http\\Request))
#58 D:\\Burhan\\Chat-Two\\chat-app-laravel\\vendor\\laravel\\framework\\src\\Illuminate\\Pipeline\\Pipeline.php(219): Illuminate\\Foundation\\Http\\Middleware\\PreventRequestsDuringMaintenance->handle(Object(Illuminate\\Http\\Request), Object(Closure))
#59 D:\\Burhan\\Chat-Two\\chat-app-laravel\\vendor\\laravel\\framework\\src\\Illuminate\\Http\\Middleware\\HandleCors.php(48): Illuminate\\Pipeline\\Pipeline->Illuminate\\Pipeline\\{closure}(Object(Illuminate\\Http\\Request))
#60 D:\\Burhan\\Chat-Two\\chat-app-laravel\\vendor\\laravel\\framework\\src\\Illuminate\\Pipeline\\Pipeline.php(219): Illuminate\\Http\\Middleware\\HandleCors->handle(Object(Illuminate\\Http\\Request), Object(Closure))
#61 D:\\Burhan\\Chat-Two\\chat-app-laravel\\vendor\\laravel\\framework\\src\\Illuminate\\Http\\Middleware\\TrustProxies.php(58): Illuminate\\Pipeline\\Pipeline->Illuminate\\Pipeline\\{closure}(Object(Illuminate\\Http\\Request))
#62 D:\\Burhan\\Chat-Two\\chat-app-laravel\\vendor\\laravel\\framework\\src\\Illuminate\\Pipeline\\Pipeline.php(219): Illuminate\\Http\\Middleware\\TrustProxies->handle(Object(Illuminate\\Http\\Request), Object(Closure))
#63 D:\\Burhan\\Chat-Two\\chat-app-laravel\\vendor\\laravel\\framework\\src\\Illuminate\\Foundation\\Http\\Middleware\\InvokeDeferredCallbacks.php(22): Illuminate\\Pipeline\\Pipeline->Illuminate\\Pipeline\\{closure}(Object(Illuminate\\Http\\Request))
#64 D:\\Burhan\\Chat-Two\\chat-app-laravel\\vendor\\laravel\\framework\\src\\Illuminate\\Pipeline\\Pipeline.php(219): Illuminate\\Foundation\\Http\\Middleware\\InvokeDeferredCallbacks->handle(Object(Illuminate\\Http\\Request), Object(Closure))
#65 D:\\Burhan\\Chat-Two\\chat-app-laravel\\vendor\\laravel\\framework\\src\\Illuminate\\Http\\Middleware\\ValidatePathEncoding.php(26): Illuminate\\Pipeline\\Pipeline->Illuminate\\Pipeline\\{closure}(Object(Illuminate\\Http\\Request))
#66 D:\\Burhan\\Chat-Two\\chat-app-laravel\\vendor\\laravel\\framework\\src\\Illuminate\\Pipeline\\Pipeline.php(219): Illuminate\\Http\\Middleware\\ValidatePathEncoding->handle(Object(Illuminate\\Http\\Request), Object(Closure))
#67 D:\\Burhan\\Chat-Two\\chat-app-laravel\\vendor\\laravel\\framework\\src\\Illuminate\\Pipeline\\Pipeline.php(137): Illuminate\\Pipeline\\Pipeline->Illuminate\\Pipeline\\{closure}(Object(Illuminate\\Http\\Request))
#68 D:\\Burhan\\Chat-Two\\chat-app-laravel\\vendor\\laravel\\framework\\src\\Illuminate\\Foundation\\Http\\Kernel.php(175): Illuminate\\Pipeline\\Pipeline->then(Object(Closure))
#69 D:\\Burhan\\Chat-Two\\chat-app-laravel\\vendor\\laravel\\framework\\src\\Illuminate\\Foundation\\Http\\Kernel.php(144): Illuminate\\Foundation\\Http\\Kernel->sendRequestThroughRouter(Object(Illuminate\\Http\\Request))
#70 D:\\Burhan\\Chat-Two\\chat-app-laravel\\vendor\\laravel\\framework\\src\\Illuminate\\Foundation\\Application.php(1219): Illuminate\\Foundation\\Http\\Kernel->handle(Object(Illuminate\\Http\\Request))
#71 D:\\Burhan\\Chat-Two\\chat-app-laravel\\public\\index.php(25): Illuminate\\Foundation\\Application->handleRequest(Object(Illuminate\\Http\\Request))
#72 D:\\Burhan\\Chat-Two\\chat-app-laravel\\vendor\\laravel\\framework\\src\\Illuminate\\Foundation\\resources\\server.php(23): require_once('D:\\\\Burhan\\\\Chat-...')
#73 {main}
"} 
[2026-08-15 03:15:31] local.ERROR: Vite manifest not found at: D:\Burhan\Chat-Two\chat-app-laravel\public\build/manifest.json (View: D:\Burhan\Chat-Two\chat-app-laravel\resources\views\app.blade.php) {"userId":3,"exception":"[object] (Illuminate\\View\\ViewException(code: 0): Vite manifest not found at: D:\\Burhan\\Chat-Two\\chat-app-laravel\\public\\build/manifest.json (View: D:\\Burhan\\Chat-Two\\chat-app-laravel\\resources\\views\\app.blade.php) at D:\\Burhan\\Chat-Two\\chat-app-laravel\\vendor\\laravel\\framework\\src\\Illuminate\\Foundation\\Vite.php:935)
[stacktrace]
#0 D:\\Burhan\\Chat-Two\\chat-app-laravel\\vendor\\laravel\\framework\\src\\Illuminate\\View\\Engines\\PhpEngine.php(59): Illuminate\\View\\Engines\\CompilerEngine->handleViewException(Object(Illuminate\\Foundation\\ViteManifestNotFoundException), 1)
#1 D:\\Burhan\\Chat-Two\\chat-app-laravel\\vendor\\laravel\\framework\\src\\Illuminate\\View\\Engines\\CompilerEngine.php(76): Illuminate\\View\\Engines\\PhpEngine->evaluatePath('D:\\\\Burhan\\\\Chat-...', Array)
#2 D:\\Burhan\\Chat-Two\\chat-app-laravel\\vendor\\laravel\\framework\\src\\Illuminate\\View\\View.php(208): Illuminate\\View\\Engines\\CompilerEngine->get('D:\\\\Burhan\\\\Chat-...', Array)
#3 D:\\Burhan\\Chat-Two\\chat-app-laravel\\vendor\\laravel\\framework\\src\\Illuminate\\View\\View.php(191): Illuminate\\View\\View->getContents()
#4 D:\\Burhan\\Chat-Two\\chat-app-laravel\\vendor\\laravel\\framework\\src\\Illuminate\\View\\View.php(160): Illuminate\\View\\View->renderContents()
#5 D:\\Burhan\\Chat-Two\\chat-app-laravel\\vendor\\laravel\\framework\\src\\Illuminate\\Http\\Response.php(78): Illuminate\\View\\View->render()
#6 D:\\Burhan\\Chat-Two\\chat-app-laravel\\vendor\\laravel\\framework\\src\\Illuminate\\Http\\Response.php(34): Illuminate\\Http\\Response->setContent(Object(Illuminate\\View\\View))
#7 D:\\Burhan\\Chat-Two\\chat-app-laravel\\vendor\\laravel\\framework\\src\\Illuminate\\Routing\\ResponseFactory.php(61): Illuminate\\Http\\Response->__construct(Object(Illuminate\\View\\View), 200, Array)
#8 D:\\Burhan\\Chat-Two\\chat-app-laravel\\vendor\\laravel\\framework\\src\\Illuminate\\Routing\\ResponseFactory.php(91): Illuminate\\Routing\\ResponseFactory->make(Object(Illuminate\\View\\View), 200, Array)
#9 D:\\Burhan\\Chat-Two\\chat-app-laravel\\vendor\\laravel\\framework\\src\\Illuminate\\Support\\Facades\\Facade.php(363): Illuminate\\Routing\\ResponseFactory->view('app', Array)
#10 D:\\Burhan\\Chat-Two\\chat-app-laravel\\vendor\\inertiajs\\inertia-laravel\\src\\Response.php(197): Illuminate\\Support\\Facades\\Facade::__callStatic('view', Array)
#11 D:\\Burhan\\Chat-Two\\chat-app-laravel\\vendor\\laravel\\framework\\src\\Illuminate\\Routing\\Router.php(921): Inertia\\Response->toResponse(Object(Illuminate\\Http\\Request))
#12 D:\\Burhan\\Chat-Two\\chat-app-laravel\\vendor\\laravel\\framework\\src\\Illuminate\\Routing\\Router.php(906): Illuminate\\Routing\\Router::toResponse(Object(Illuminate\\Http\\Request), Object(Inertia\\Response))
#13 D:\\Burhan\\Chat-Two\\chat-app-laravel\\vendor\\laravel\\framework\\src\\Illuminate\\Routing\\Router.php(821): Illuminate\\Routing\\Router->prepareResponse(Object(Illuminate\\Http\\Request), Object(Inertia\\Response))
#14 D:\\Burhan\\Chat-Two\\chat-app-laravel\\vendor\\laravel\\framework\\src\\Illuminate\\Pipeline\\Pipeline.php(180): Illuminate\\Routing\\Router->Illuminate\\Routing\\{closure}(Object(Illuminate\\Http\\Request))
#15 D:\\Burhan\\Chat-Two\\chat-app-laravel\\vendor\\laravel\\framework\\src\\Illuminate\\Auth\\Middleware\\EnsureEmailIsVerified.php(41): Illuminate\\Pipeline\\Pipeline->Illuminate\\Pipeline\\{closure}(Object(Illuminate\\Http\\Request))
#16 D:\\Burhan\\Chat-Two\\chat-app-laravel\\vendor\\laravel\\framework\\src\\Illuminate\\Pipeline\\Pipeline.php(219): Illuminate\\Auth\\Middleware\\EnsureEmailIsVerified->handle(Object(Illuminate\\Http\\Request), Object(Closure))
#17 D:\\Burhan\\Chat-Two\\chat-app-laravel\\vendor\\laravel\\framework\\src\\Illuminate\\Http\\Middleware\\AddLinkHeadersForPreloadedAssets.php(32): Illuminate\\Pipeline\\Pipeline->Illuminate\\Pipeline\\{closure}(Object(Illuminate\\Http\\Request))
#18 D:\\Burhan\\Chat-Two\\chat-app-laravel\\vendor\\laravel\\framework\\src\\Illuminate\\Pipeline\\Pipeline.php(219): Illuminate\\Http\\Middleware\\AddLinkHeadersForPreloadedAssets->handle(Object(Illuminate\\Http\\Request), Object(Closure))
#19 D:\\Burhan\\Chat-Two\\chat-app-laravel\\vendor\\inertiajs\\inertia-laravel\\src\\Middleware.php(96): Illuminate\\Pipeline\\Pipeline->Illuminate\\Pipeline\\{closure}(Object(Illuminate\\Http\\Request))
#20 D:\\Burhan\\Chat-Two\\chat-app-laravel\\vendor\\laravel\\framework\\src\\Illuminate\\Pipeline\\Pipeline.php(219): Inertia\\Middleware->handle(Object(Illuminate\\Http\\Request), Object(Closure))
#21 D:\\Burhan\\Chat-Two\\chat-app-laravel\\app\\Http\\Middleware\\HandleAppearance.php(21): Illuminate\\Pipeline\\Pipeline->Illuminate\\Pipeline\\{closure}(Object(Illuminate\\Http\\Request))
#22 D:\\Burhan\\Chat-Two\\chat-app-laravel\\vendor\\laravel\\framework\\src\\Illuminate\\Pipeline\\Pipeline.php(219): App\\Http\\Middleware\\HandleAppearance->handle(Object(Illuminate\\Http\\Request), Object(Closure))
#23 D:\\Burhan\\Chat-Two\\chat-app-laravel\\vendor\\laravel\\framework\\src\\Illuminate\\Routing\\Middleware\\SubstituteBindings.php(50): Illuminate\\Pipeline\\Pipeline->Illuminate\\Pipeline\\{closure}(Object(Illuminate\\Http\\Request))
#24 D:\\Burhan\\Chat-Two\\chat-app-laravel\\vendor\\laravel\\framework\\src\\Illuminate\\Pipeline\\Pipeline.php(219): Illuminate\\Routing\\Middleware\\SubstituteBindings->handle(Object(Illuminate\\Http\\Request), Object(Closure))
#25 D:\\Burhan\\Chat-Two\\chat-app-laravel\\vendor\\laravel\\framework\\src\\Illuminate\\Auth\\Middleware\\Authenticate.php(63): Illuminate\\Pipeline\\Pipeline->Illuminate\\Pipeline\\{closure}(Object(Illuminate\\Http\\Request))
#26 D:\\Burhan\\Chat-Two\\chat-app-laravel\\vendor\\laravel\\framework\\src\\Illuminate\\Pipeline\\Pipeline.php(219): Illuminate\\Auth\\Middleware\\Authenticate->handle(Object(Illuminate\\Http\\Request), Object(Closure))
#27 D:\\Burhan\\Chat-Two\\chat-app-laravel\\vendor\\laravel\\framework\\src\\Illuminate\\Foundation\\Http\\Middleware\\VerifyCsrfToken.php(87): Illuminate\\Pipeline\\Pipeline->Illuminate\\Pipeline\\{closure}(Object(Illuminate\\Http\\Request))
#28 D:\\Burhan\\Chat-Two\\chat-app-laravel\\vendor\\laravel\\framework\\src\\Illuminate\\Pipeline\\Pipeline.php(219): Illuminate\\Foundation\\Http\\Middleware\\VerifyCsrfToken->handle(Object(Illuminate\\Http\\Request), Object(Closure))
#29 D:\\Burhan\\Chat-Two\\chat-app-laravel\\vendor\\laravel\\framework\\src\\Illuminate\\View\\Middleware\\ShareErrorsFromSession.php(48): Illuminate\\Pipeline\\Pipeline->Illuminate\\Pipeline\\{closure}(Object(Illuminate\\Http\\Request))
#30 D:\\Burhan\\Chat-Two\\chat-app-laravel\\vendor\\laravel\\framework\\src\\Illuminate\\Pipeline\\Pipeline.php(219): Illuminate\\View\\Middleware\\ShareErrorsFromSession->handle(Object(Illuminate\\Http\\Request), Object(Closure))
#31 D:\\Burhan\\Chat-Two\\chat-app-laravel\\vendor\\laravel\\framework\\src\\Illuminate\\Session\\Middleware\\StartSession.php(120): Illuminate\\Pipeline\\Pipeline->Illuminate\\Pipeline\\{closure}(Object(Illuminate\\Http\\Request))
#32 D:\\Burhan\\Chat-Two\\chat-app-laravel\\vendor\\laravel\\framework\\src\\Illuminate\\Session\\Middleware\\StartSession.php(63): Illuminate\\Session\\Middleware\\StartSession->handleStatefulRequest(Object(Illuminate\\Http\\Request), Object(Illuminate\\Session\\Store), Object(Closure))
#33 D:\\Burhan\\Chat-Two\\chat-app-laravel\\vendor\\laravel\\framework\\src\\Illuminate\\Pipeline\\Pipeline.php(219): Illuminate\\Session\\Middleware\\StartSession->handle(Object(Illuminate\\Http\\Request), Object(Closure))
#34 D:\\Burhan\\Chat-Two\\chat-app-laravel\\vendor\\laravel\\framework\\src\\Illuminate\\Cookie\\Middleware\\AddQueuedCookiesToResponse.php(36): Illuminate\\Pipeline\\Pipeline->Illuminate\\Pipeline\\{closure}(Object(Illuminate\\Http\\Request))
#35 D:\\Burhan\\Chat-Two\\chat-app-laravel\\vendor\\laravel\\framework\\src\\Illuminate\\Pipeline\\Pipeline.php(219): Illuminate\\Cookie\\Middleware\\AddQueuedCookiesToResponse->handle(Object(Illuminate\\Http\\Request), Object(Closure))
#36 D:\\Burhan\\Chat-Two\\chat-app-laravel\\vendor\\laravel\\framework\\src\\Illuminate\\Cookie\\Middleware\\EncryptCookies.php(74): Illuminate\\Pipeline\\Pipeline->Illuminate\\Pipeline\\{closure}(Object(Illuminate\\Http\\Request))
#37 D:\\Burhan\\Chat-Two\\chat-app-laravel\\vendor\\laravel\\framework\\src\\Illuminate\\Pipeline\\Pipeline.php(219): Illuminate\\Cookie\\Middleware\\EncryptCookies->handle(Object(Illuminate\\Http\\Request), Object(Closure))
#38 D:\\Burhan\\Chat-Two\\chat-app-laravel\\vendor\\laravel\\framework\\src\\Illuminate\\Pipeline\\Pipeline.php(137): Illuminate\\Pipeline\\Pipeline->Illuminate\\Pipeline\\{closure}(Object(Illuminate\\Http\\Request))
#39 D:\\Burhan\\Chat-Two\\chat-app-laravel\\vendor\\laravel\\framework\\src\\Illuminate\\Routing\\Router.php(821): Illuminate\\Pipeline\\Pipeline->then(Object(Closure))
#40 D:\\Burhan\\Chat-Two\\chat-app-laravel\\vendor\\laravel\\framework\\src\\Illuminate\\Routing\\Router.php(800): Illuminate\\Routing\\Router->runRouteWithinStack(Object(Illuminate\\Routing\\Route), Object(Illuminate\\Http\\Request))
#41 D:\\Burhan\\Chat-Two\\chat-app-laravel\\vendor\\laravel\\framework\\src\\Illuminate\\Routing\\Router.php(764): Illuminate\\Routing\\Router->runRoute(Object(Illuminate\\Http\\Request), Object(Illuminate\\Routing\\Route))
#42 D:\\Burhan\\Chat-Two\\chat-app-laravel\\vendor\\laravel\\framework\\src\\Illuminate\\Routing\\Router.php(753): Illuminate\\Routing\\Router->dispatchToRoute(Object(Illuminate\\Http\\Request))
#43 D:\\Burhan\\Chat-Two\\chat-app-laravel\\vendor\\laravel\\framework\\src\\Illuminate\\Foundation\\Http\\Kernel.php(200): Illuminate\\Routing\\Router->dispatch(Object(Illuminate\\Http\\Request))
#44 D:\\Burhan\\Chat-Two\\chat-app-laravel\\vendor\\laravel\\framework\\src\\Illuminate\\Pipeline\\Pipeline.php(180): Illuminate\\Foundation\\Http\\Kernel->Illuminate\\Foundation\\Http\\{closure}(Object(Illuminate\\Http\\Request))
#45 D:\\Burhan\\Chat-Two\\chat-app-laravel\\vendor\\laravel\\framework\\src\\Illuminate\\Foundation\\Http\\Middleware\\TransformsRequest.php(21): Illuminate\\Pipeline\\Pipeline->Illuminate\\Pipeline\\{closure}(Object(Illuminate\\Http\\Request))
#46 D:\\Burhan\\Chat-Two\\chat-app-laravel\\vendor\\laravel\\framework\\src\\Illuminate\\Foundation\\Http\\Middleware\\ConvertEmptyStringsToNull.php(31): Illuminate\\Foundation\\Http\\Middleware\\TransformsRequest->handle(Object(Illuminate\\Http\\Request), Object(Closure))
#47 D:\\Burhan\\Chat-Two\\chat-app-laravel\\vendor\\laravel\\framework\\src\\Illuminate\\Pipeline\\Pipeline.php(219): Illuminate\\Foundation\\Http\\Middleware\\ConvertEmptyStringsToNull->handle(Object(Illuminate\\Http\\Request), Object(Closure))
#48 D:\\Burhan\\Chat-Two\\chat-app-laravel\\vendor\\laravel\\framework\\src\\Illuminate\\Foundation\\Http\\Middleware\\TransformsRequest.php(21): Illuminate\\Pipeline\\Pipeline->Illuminate\\Pipeline\\{closure}(Object(Illuminate\\Http\\Request))
#49 D:\\Burhan\\Chat-Two\\chat-app-laravel\\vendor\\laravel\\framework\\src\\Illuminate\\Foundation\\Http\\Middleware\\TrimStrings.php(51): Illuminate\\Foundation\\Http\\Middleware\\TransformsRequest->handle(Object(Illuminate\\Http\\Request), Object(Closure))
#50 D:\\Burhan\\Chat-Two\\chat-app-laravel\\vendor\\laravel\\framework\\src\\Illuminate\\Pipeline\\Pipeline.php(219): Illuminate\\Foundation\\Http\\Middleware\\TrimStrings->handle(Object(Illuminate\\Http\\Request), Object(Closure))
#51 D:\\Burhan\\Chat-Two\\chat-app-laravel\\vendor\\laravel\\framework\\src\\Illuminate\\Http\\Middleware\\ValidatePostSize.php(27): Illuminate\\Pipeline\\Pipeline->Illuminate\\Pipeline\\{closure}(Object(Illuminate\\Http\\Request))
#52 D:\\Burhan\\Chat-Two\\chat-app-laravel\\vendor\\laravel\\framework\\src\\Illuminate\\Pipeline\\Pipeline.php(219): Illuminate\\Http\\Middleware\\ValidatePostSize->handle(Object(Illuminate\\Http\\Request), Object(Closure))
#53 D:\\Burhan\\Chat-Two\\chat-app-laravel\\vendor\\laravel\\framework\\src\\Illuminate\\Foundation\\Http\\Middleware\\PreventRequestsDuringMaintenance.php(109): Illuminate\\Pipeline\\Pipeline->Illuminate\\Pipeline\\{closure}(Object(Illuminate\\Http\\Request))
#54 D:\\Burhan\\Chat-Two\\chat-app-laravel\\vendor\\laravel\\framework\\src\\Illuminate\\Pipeline\\Pipeline.php(219): Illuminate\\Foundation\\Http\\Middleware\\PreventRequestsDuringMaintenance->handle(Object(Illuminate\\Http\\Request), Object(Closure))
#55 D:\\Burhan\\Chat-Two\\chat-app-laravel\\vendor\\laravel\\framework\\src\\Illuminate\\Http\\Middleware\\HandleCors.php(48): Illuminate\\Pipeline\\Pipeline->Illuminate\\Pipeline\\{closure}(Object(Illuminate\\Http\\Request))
#56 D:\\Burhan\\Chat-Two\\chat-app-laravel\\vendor\\laravel\\framework\\src\\Illuminate\\Pipeline\\Pipeline.php(219): Illuminate\\Http\\Middleware\\HandleCors->handle(Object(Illuminate\\Http\\Request), Object(Closure))
#57 D:\\Burhan\\Chat-Two\\chat-app-laravel\\vendor\\laravel\\framework\\src\\Illuminate\\Http\\Middleware\\TrustProxies.php(58): Illuminate\\Pipeline\\Pipeline->Illuminate\\Pipeline\\{closure}(Object(Illuminate\\Http\\Request))
#58 D:\\Burhan\\Chat-Two\\chat-app-laravel\\vendor\\laravel\\framework\\src\\Illuminate\\Pipeline\\Pipeline.php(219): Illuminate\\Http\\Middleware\\TrustProxies->handle(Object(Illuminate\\Http\\Request), Object(Closure))
#59 D:\\Burhan\\Chat-Two\\chat-app-laravel\\vendor\\laravel\\framework\\src\\Illuminate\\Foundation\\Http\\Middleware\\InvokeDeferredCallbacks.php(22): Illuminate\\Pipeline\\Pipeline->Illuminate\\Pipeline\\{closure}(Object(Illuminate\\Http\\Request))
#60 D:\\Burhan\\Chat-Two\\chat-app-laravel\\vendor\\laravel\\framework\\src\\Illuminate\\Pipeline\\Pipeline.php(219): Illuminate\\Foundation\\Http\\Middleware\\InvokeDeferredCallbacks->handle(Object(Illuminate\\Http\\Request), Object(Closure))
#61 D:\\Burhan\\Chat-Two\\chat-app-laravel\\vendor\\laravel\\framework\\src\\Illuminate\\Http\\Middleware\\ValidatePathEncoding.php(26): Illuminate\\Pipeline\\Pipeline->Illuminate\\Pipeline\\{closure}(Object(Illuminate\\Http\\Request))
#62 D:\\Burhan\\Chat-Two\\chat-app-laravel\\vendor\\laravel\\framework\\src\\Illuminate\\Pipeline\\Pipeline.php(219): Illuminate\\Http\\Middleware\\ValidatePathEncoding->handle(Object(Illuminate\\Http\\Request), Object(Closure))
#63 D:\\Burhan\\Chat-Two\\chat-app-laravel\\vendor\\laravel\\framework\\src\\Illuminate\\Pipeline\\Pipeline.php(137): Illuminate\\Pipeline\\Pipeline->Illuminate\\Pipeline\\{closure}(Object(Illuminate\\Http\\Request))
#64 D:\\Burhan\\Chat-Two\\chat-app-laravel\\vendor\\laravel\\framework\\src\\Illuminate\\Foundation\\Http\\Kernel.php(175): Illuminate\\Pipeline\\Pipeline->then(Object(Closure))
#65 D:\\Burhan\\Chat-Two\\chat-app-laravel\\vendor\\laravel\\framework\\src\\Illuminate\\Foundation\\Http\\Kernel.php(144): Illuminate\\Foundation\\Http\\Kernel->sendRequestThroughRouter(Object(Illuminate\\Http\\Request))
#66 D:\\Burhan\\Chat-Two\\chat-app-laravel\\vendor\\laravel\\framework\\src\\Illuminate\\Foundation\\Application.php(1219): Illuminate\\Foundation\\Http\\Kernel->handle(Object(Illuminate\\Http\\Request))
#67 D:\\Burhan\\Chat-Two\\chat-app-laravel\\public\\index.php(25): Illuminate\\Foundation\\Application->handleRequest(Object(Illuminate\\Http\\Request))
#68 D:\\Burhan\\Chat-Two\\chat-app-laravel\\vendor\\laravel\\framework\\src\\Illuminate\\Foundation\\resources\\server.php(23): require_once('D:\\\\Burhan\\\\Chat-...')
#69 {main}

[previous exception] [object] (Illuminate\\Foundation\\ViteManifestNotFoundException(code: 0): Vite manifest not found at: D:\\Burhan\\Chat-Two\\chat-app-laravel\\public\\build/manifest.json at D:\\Burhan\\Chat-Two\\chat-app-laravel\\vendor\\laravel\\framework\\src\\Illuminate\\Foundation\\Vite.php:935)
[stacktrace]
#0 D:\\Burhan\\Chat-Two\\chat-app-laravel\\vendor\\laravel\\framework\\src\\Illuminate\\Foundation\\Vite.php(384): Illuminate\\Foundation\\Vite->manifest('build')
#1 D:\\Burhan\\Chat-Two\\chat-app-laravel\\storage\\framework\\views\\14785399364f79cace522cc2891fcfea.php(43): Illuminate\\Foundation\\Vite->__invoke(Object(Illuminate\\Support\\Collection))
#2 D:\\Burhan\\Chat-Two\\chat-app-laravel\\vendor\\laravel\\framework\\src\\Illuminate\\Filesystem\\Filesystem.php(123): require('D:\\\\Burhan\\\\Chat-...')
#3 D:\\Burhan\\Chat-Two\\chat-app-laravel\\vendor\\laravel\\framework\\src\\Illuminate\\Filesystem\\Filesystem.php(124): Illuminate\\Filesystem\\Filesystem::Illuminate\\Filesystem\\{closure}()
#4 D:\\Burhan\\Chat-Two\\chat-app-laravel\\vendor\\laravel\\framework\\src\\Illuminate\\View\\Engines\\PhpEngine.php(57): Illuminate\\Filesystem\\Filesystem->getRequire('D:\\\\Burhan\\\\Chat-...', Array)
#5 D:\\Burhan\\Chat-Two\\chat-app-laravel\\vendor\\laravel\\framework\\src\\Illuminate\\View\\Engines\\CompilerEngine.php(76): Illuminate\\View\\Engines\\PhpEngine->evaluatePath('D:\\\\Burhan\\\\Chat-...', Array)
#6 D:\\Burhan\\Chat-Two\\chat-app-laravel\\vendor\\laravel\\framework\\src\\Illuminate\\View\\View.php(208): Illuminate\\View\\Engines\\CompilerEngine->get('D:\\\\Burhan\\\\Chat-...', Array)
#7 D:\\Burhan\\Chat-Two\\chat-app-laravel\\vendor\\laravel\\framework\\src\\Illuminate\\View\\View.php(191): Illuminate\\View\\View->getContents()
#8 D:\\Burhan\\Chat-Two\\chat-app-laravel\\vendor\\laravel\\framework\\src\\Illuminate\\View\\View.php(160): Illuminate\\View\\View->renderContents()
#9 D:\\Burhan\\Chat-Two\\chat-app-laravel\\vendor\\laravel\\framework\\src\\Illuminate\\Http\\Response.php(78): Illuminate\\View\\View->render()
#10 D:\\Burhan\\Chat-Two\\chat-app-laravel\\vendor\\laravel\\framework\\src\\Illuminate\\Http\\Response.php(34): Illuminate\\Http\\Response->setContent(Object(Illuminate\\View\\View))
#11 D:\\Burhan\\Chat-Two\\chat-app-laravel\\vendor\\laravel\\framework\\src\\Illuminate\\Routing\\ResponseFactory.php(61): Illuminate\\Http\\Response->__construct(Object(Illuminate\\View\\View), 200, Array)
#12 D:\\Burhan\\Chat-Two\\chat-app-laravel\\vendor\\laravel\\framework\\src\\Illuminate\\Routing\\ResponseFactory.php(91): Illuminate\\Routing\\ResponseFactory->make(Object(Illuminate\\View\\View), 200, Array)
#13 D:\\Burhan\\Chat-Two\\chat-app-laravel\\vendor\\laravel\\framework\\src\\Illuminate\\Support\\Facades\\Facade.php(363): Illuminate\\Routing\\ResponseFactory->view('app', Array)
#14 D:\\Burhan\\Chat-Two\\chat-app-laravel\\vendor\\inertiajs\\inertia-laravel\\src\\Response.php(197): Illuminate\\Support\\Facades\\Facade::__callStatic('view', Array)
#15 D:\\Burhan\\Chat-Two\\chat-app-laravel\\vendor\\laravel\\framework\\src\\Illuminate\\Routing\\Router.php(921): Inertia\\Response->toResponse(Object(Illuminate\\Http\\Request))
#16 D:\\Burhan\\Chat-Two\\chat-app-laravel\\vendor\\laravel\\framework\\src\\Illuminate\\Routing\\Router.php(906): Illuminate\\Routing\\Router::toResponse(Object(Illuminate\\Http\\Request), Object(Inertia\\Response))
#17 D:\\Burhan\\Chat-Two\\chat-app-laravel\\vendor\\laravel\\framework\\src\\Illuminate\\Routing\\Router.php(821): Illuminate\\Routing\\Router->prepareResponse(Object(Illuminate\\Http\\Request), Object(Inertia\\Response))
#18 D:\\Burhan\\Chat-Two\\chat-app-laravel\\vendor\\laravel\\framework\\src\\Illuminate\\Pipeline\\Pipeline.php(180): Illuminate\\Routing\\Router->Illuminate\\Routing\\{closure}(Object(Illuminate\\Http\\Request))
#19 D:\\Burhan\\Chat-Two\\chat-app-laravel\\vendor\\laravel\\framework\\src\\Illuminate\\Auth\\Middleware\\EnsureEmailIsVerified.php(41): Illuminate\\Pipeline\\Pipeline->Illuminate\\Pipeline\\{closure}(Object(Illuminate\\Http\\Request))
#20 D:\\Burhan\\Chat-Two\\chat-app-laravel\\vendor\\laravel\\framework\\src\\Illuminate\\Pipeline\\Pipeline.php(219): Illuminate\\Auth\\Middleware\\EnsureEmailIsVerified->handle(Object(Illuminate\\Http\\Request), Object(Closure))
#21 D:\\Burhan\\Chat-Two\\chat-app-laravel\\vendor\\laravel\\framework\\src\\Illuminate\\Http\\Middleware\\AddLinkHeadersForPreloadedAssets.php(32): Illuminate\\Pipeline\\Pipeline->Illuminate\\Pipeline\\{closure}(Object(Illuminate\\Http\\Request))
#22 D:\\Burhan\\Chat-Two\\chat-app-laravel\\vendor\\laravel\\framework\\src\\Illuminate\\Pipeline\\Pipeline.php(219): Illuminate\\Http\\Middleware\\AddLinkHeadersForPreloadedAssets->handle(Object(Illuminate\\Http\\Request), Object(Closure))
#23 D:\\Burhan\\Chat-Two\\chat-app-laravel\\vendor\\inertiajs\\inertia-laravel\\src\\Middleware.php(96): Illuminate\\Pipeline\\Pipeline->Illuminate\\Pipeline\\{closure}(Object(Illuminate\\Http\\Request))
#24 D:\\Burhan\\Chat-Two\\chat-app-laravel\\vendor\\laravel\\framework\\src\\Illuminate\\Pipeline\\Pipeline.php(219): Inertia\\Middleware->handle(Object(Illuminate\\Http\\Request), Object(Closure))
#25 D:\\Burhan\\Chat-Two\\chat-app-laravel\\app\\Http\\Middleware\\HandleAppearance.php(21): Illuminate\\Pipeline\\Pipeline->Illuminate\\Pipeline\\{closure}(Object(Illuminate\\Http\\Request))
#26 D:\\Burhan\\Chat-Two\\chat-app-laravel\\vendor\\laravel\\framework\\src\\Illuminate\\Pipeline\\Pipeline.php(219): App\\Http\\Middleware\\HandleAppearance->handle(Object(Illuminate\\Http\\Request), Object(Closure))
#27 D:\\Burhan\\Chat-Two\\chat-app-laravel\\vendor\\laravel\\framework\\src\\Illuminate\\Routing\\Middleware\\SubstituteBindings.php(50): Illuminate\\Pipeline\\Pipeline->Illuminate\\Pipeline\\{closure}(Object(Illuminate\\Http\\Request))
#28 D:\\Burhan\\Chat-Two\\chat-app-laravel\\vendor\\laravel\\framework\\src\\Illuminate\\Pipeline\\Pipeline.php(219): Illuminate\\Routing\\Middleware\\SubstituteBindings->handle(Object(Illuminate\\Http\\Request), Object(Closure))
#29 D:\\Burhan\\Chat-Two\\chat-app-laravel\\vendor\\laravel\\framework\\src\\Illuminate\\Auth\\Middleware\\Authenticate.php(63): Illuminate\\Pipeline\\Pipeline->Illuminate\\Pipeline\\{closure}(Object(Illuminate\\Http\\Request))
#30 D:\\Burhan\\Chat-Two\\chat-app-laravel\\vendor\\laravel\\framework\\src\\Illuminate\\Pipeline\\Pipeline.php(219): Illuminate\\Auth\\Middleware\\Authenticate->handle(Object(Illuminate\\Http\\Request), Object(Closure))
#31 D:\\Burhan\\Chat-Two\\chat-app-laravel\\vendor\\laravel\\framework\\src\\Illuminate\\Foundation\\Http\\Middleware\\VerifyCsrfToken.php(87): Illuminate\\Pipeline\\Pipeline->Illuminate\\Pipeline\\{closure}(Object(Illuminate\\Http\\Request))
#32 D:\\Burhan\\Chat-Two\\chat-app-laravel\\vendor\\laravel\\framework\\src\\Illuminate\\Pipeline\\Pipeline.php(219): Illuminate\\Foundation\\Http\\Middleware\\VerifyCsrfToken->handle(Object(Illuminate\\Http\\Request), Object(Closure))
#33 D:\\Burhan\\Chat-Two\\chat-app-laravel\\vendor\\laravel\\framework\\src\\Illuminate\\View\\Middleware\\ShareErrorsFromSession.php(48): Illuminate\\Pipeline\\Pipeline->Illuminate\\Pipeline\\{closure}(Object(Illuminate\\Http\\Request))
#34 D:\\Burhan\\Chat-Two\\chat-app-laravel\\vendor\\laravel\\framework\\src\\Illuminate\\Pipeline\\Pipeline.php(219): Illuminate\\View\\Middleware\\ShareErrorsFromSession->handle(Object(Illuminate\\Http\\Request), Object(Closure))
#35 D:\\Burhan\\Chat-Two\\chat-app-laravel\\vendor\\laravel\\framework\\src\\Illuminate\\Session\\Middleware\\StartSession.php(120): Illuminate\\Pipeline\\Pipeline->Illuminate\\Pipeline\\{closure}(Object(Illuminate\\Http\\Request))
#36 D:\\Burhan\\Chat-Two\\chat-app-laravel\\vendor\\laravel\\framework\\src\\Illuminate\\Session\\Middleware\\StartSession.php(63): Illuminate\\Session\\Middleware\\StartSession->handleStatefulRequest(Object(Illuminate\\Http\\Request), Object(Illuminate\\Session\\Store), Object(Closure))
#37 D:\\Burhan\\Chat-Two\\chat-app-laravel\\vendor\\laravel\\framework\\src\\Illuminate\\Pipeline\\Pipeline.php(219): Illuminate\\Session\\Middleware\\StartSession->handle(Object(Illuminate\\Http\\Request), Object(Closure))
#38 D:\\Burhan\\Chat-Two\\chat-app-laravel\\vendor\\laravel\\framework\\src\\Illuminate\\Cookie\\Middleware\\AddQueuedCookiesToResponse.php(36): Illuminate\\Pipeline\\Pipeline->Illuminate\\Pipeline\\{closure}(Object(Illuminate\\Http\\Request))
#39 D:\\Burhan\\Chat-Two\\chat-app-laravel\\vendor\\laravel\\framework\\src\\Illuminate\\Pipeline\\Pipeline.php(219): Illuminate\\Cookie\\Middleware\\AddQueuedCookiesToResponse->handle(Object(Illuminate\\Http\\Request), Object(Closure))
#40 D:\\Burhan\\Chat-Two\\chat-app-laravel\\vendor\\laravel\\framework\\src\\Illuminate\\Cookie\\Middleware\\EncryptCookies.php(74): Illuminate\\Pipeline\\Pipeline->Illuminate\\Pipeline\\{closure}(Object(Illuminate\\Http\\Request))
#41 D:\\Burhan\\Chat-Two\\chat-app-laravel\\vendor\\laravel\\framework\\src\\Illuminate\\Pipeline\\Pipeline.php(219): Illuminate\\Cookie\\Middleware\\EncryptCookies->handle(Object(Illuminate\\Http\\Request), Object(Closure))
#42 D:\\Burhan\\Chat-Two\\chat-app-laravel\\vendor\\laravel\\framework\\src\\Illuminate\\Pipeline\\Pipeline.php(137): Illuminate\\Pipeline\\Pipeline->Illuminate\\Pipeline\\{closure}(Object(Illuminate\\Http\\Request))
#43 D:\\Burhan\\Chat-Two\\chat-app-laravel\\vendor\\laravel\\framework\\src\\Illuminate\\Routing\\Router.php(821): Illuminate\\Pipeline\\Pipeline->then(Object(Closure))
#44 D:\\Burhan\\Chat-Two\\chat-app-laravel\\vendor\\laravel\\framework\\src\\Illuminate\\Routing\\Router.php(800): Illuminate\\Routing\\Router->runRouteWithinStack(Object(Illuminate\\Routing\\Route), Object(Illuminate\\Http\\Request))
#45 D:\\Burhan\\Chat-Two\\chat-app-laravel\\vendor\\laravel\\framework\\src\\Illuminate\\Routing\\Router.php(764): Illuminate\\Routing\\Router->runRoute(Object(Illuminate\\Http\\Request), Object(Illuminate\\Routing\\Route))
#46 D:\\Burhan\\Chat-Two\\chat-app-laravel\\vendor\\laravel\\framework\\src\\Illuminate\\Routing\\Router.php(753): Illuminate\\Routing\\Router->dispatchToRoute(Object(Illuminate\\Http\\Request))
#47 D:\\Burhan\\Chat-Two\\chat-app-laravel\\vendor\\laravel\\framework\\src\\Illuminate\\Foundation\\Http\\Kernel.php(200): Illuminate\\Routing\\Router->dispatch(Object(Illuminate\\Http\\Request))
#48 D:\\Burhan\\Chat-Two\\chat-app-laravel\\vendor\\laravel\\framework\\src\\Illuminate\\Pipeline\\Pipeline.php(180): Illuminate\\Foundation\\Http\\Kernel->Illuminate\\Foundation\\Http\\{closure}(Object(Illuminate\\Http\\Request))
#49 D:\\Burhan\\Chat-Two\\chat-app-laravel\\vendor\\laravel\\framework\\src\\Illuminate\\Foundation\\Http\\Middleware\\TransformsRequest.php(21): Illuminate\\Pipeline\\Pipeline->Illuminate\\Pipeline\\{closure}(Object(Illuminate\\Http\\Request))
#50 D:\\Burhan\\Chat-Two\\chat-app-laravel\\vendor\\laravel\\framework\\src\\Illuminate\\Foundation\\Http\\Middleware\\ConvertEmptyStringsToNull.php(31): Illuminate\\Foundation\\Http\\Middleware\\TransformsRequest->handle(Object(Illuminate\\Http\\Request), Object(Closure))
#51 D:\\Burhan\\Chat-Two\\chat-app-laravel\\vendor\\laravel\\framework\\src\\Illuminate\\Pipeline\\Pipeline.php(219): Illuminate\\Foundation\\Http\\Middleware\\ConvertEmptyStringsToNull->handle(Object(Illuminate\\Http\\Request), Object(Closure))
#52 D:\\Burhan\\Chat-Two\\chat-app-laravel\\vendor\\laravel\\framework\\src\\Illuminate\\Foundation\\Http\\Middleware\\TransformsRequest.php(21): Illuminate\\Pipeline\\Pipeline->Illuminate\\Pipeline\\{closure}(Object(Illuminate\\Http\\Request))
#53 D:\\Burhan\\Chat-Two\\chat-app-laravel\\vendor\\laravel\\framework\\src\\Illuminate\\Foundation\\Http\\Middleware\\TrimStrings.php(51): Illuminate\\Foundation\\Http\\Middleware\\TransformsRequest->handle(Object(Illuminate\\Http\\Request), Object(Closure))
#54 D:\\Burhan\\Chat-Two\\chat-app-laravel\\vendor\\laravel\\framework\\src\\Illuminate\\Pipeline\\Pipeline.php(219): Illuminate\\Foundation\\Http\\Middleware\\TrimStrings->handle(Object(Illuminate\\Http\\Request), Object(Closure))
#55 D:\\Burhan\\Chat-Two\\chat-app-laravel\\vendor\\laravel\\framework\\src\\Illuminate\\Http\\Middleware\\ValidatePostSize.php(27): Illuminate\\Pipeline\\Pipeline->Illuminate\\Pipeline\\{closure}(Object(Illuminate\\Http\\Request))
#56 D:\\Burhan\\Chat-Two\\chat-app-laravel\\vendor\\laravel\\framework\\src\\Illuminate\\Pipeline\\Pipeline.php(219): Illuminate\\Http\\Middleware\\ValidatePostSize->handle(Object(Illuminate\\Http\\Request), Object(Closure))
#57 D:\\Burhan\\Chat-Two\\chat-app-laravel\\vendor\\laravel\\framework\\src\\Illuminate\\Foundation\\Http\\Middleware\\PreventRequestsDuringMaintenance.php(109): Illuminate\\Pipeline\\Pipeline->Illuminate\\Pipeline\\{closure}(Object(Illuminate\\Http\\Request))
#58 D:\\Burhan\\Chat-Two\\chat-app-laravel\\vendor\\laravel\\framework\\src\\Illuminate\\Pipeline\\Pipeline.php(219): Illuminate\\Foundation\\Http\\Middleware\\PreventRequestsDuringMaintenance->handle(Object(Illuminate\\Http\\Request), Object(Closure))
#59 D:\\Burhan\\Chat-Two\\chat-app-laravel\\vendor\\laravel\\framework\\src\\Illuminate\\Http\\Middleware\\HandleCors.php(48): Illuminate\\Pipeline\\Pipeline->Illuminate\\Pipeline\\{closure}(Object(Illuminate\\Http\\Request))
#60 D:\\Burhan\\Chat-Two\\chat-app-laravel\\vendor\\laravel\\framework\\src\\Illuminate\\Pipeline\\Pipeline.php(219): Illuminate\\Http\\Middleware\\HandleCors->handle(Object(Illuminate\\Http\\Request), Object(Closure))
#61 D:\\Burhan\\Chat-Two\\chat-app-laravel\\vendor\\laravel\\framework\\src\\Illuminate\\Http\\Middleware\\TrustProxies.php(58): Illuminate\\Pipeline\\Pipeline->Illuminate\\Pipeline\\{closure}(Object(Illuminate\\Http\\Request))
#62 D:\\Burhan\\Chat-Two\\chat-app-laravel\\vendor\\laravel\\framework\\src\\Illuminate\\Pipeline\\Pipeline.php(219): Illuminate\\Http\\Middleware\\TrustProxies->handle(Object(Illuminate\\Http\\Request), Object(Closure))
#63 D:\\Burhan\\Chat-Two\\chat-app-laravel\\vendor\\laravel\\framework\\src\\Illuminate\\Foundation\\Http\\Middleware\\InvokeDeferredCallbacks.php(22): Illuminate\\Pipeline\\Pipeline->Illuminate\\Pipeline\\{closure}(Object(Illuminate\\Http\\Request))
#64 D:\\Burhan\\Chat-Two\\chat-app-laravel\\vendor\\laravel\\framework\\src\\Illuminate\\Pipeline\\Pipeline.php(219): Illuminate\\Foundation\\Http\\Middleware\\InvokeDeferredCallbacks->handle(Object(Illuminate\\Http\\Request), Object(Closure))
#65 D:\\Burhan\\Chat-Two\\chat-app-laravel\\vendor\\laravel\\framework\\src\\Illuminate\\Http\\Middleware\\ValidatePathEncoding.php(26): Illuminate\\Pipeline\\Pipeline->Illuminate\\Pipeline\\{closure}(Object(Illuminate\\Http\\Request))
#66 D:\\Burhan\\Chat-Two\\chat-app-laravel\\vendor\\laravel\\framework\\src\\Illuminate\\Pipeline\\Pipeline.php(219): Illuminate\\Http\\Middleware\\ValidatePathEncoding->handle(Object(Illuminate\\Http\\Request), Object(Closure))
#67 D:\\Burhan\\Chat-Two\\chat-app-laravel\\vendor\\laravel\\framework\\src\\Illuminate\\Pipeline\\Pipeline.php(137): Illuminate\\Pipeline\\Pipeline->Illuminate\\Pipeline\\{closure}(Object(Illuminate\\Http\\Request))
#68 D:\\Burhan\\Chat-Two\\chat-app-laravel\\vendor\\laravel\\framework\\src\\Illuminate\\Foundation\\Http\\Kernel.php(175): Illuminate\\Pipeline\\Pipeline->then(Object(Closure))
#69 D:\\Burhan\\Chat-Two\\chat-app-laravel\\vendor\\laravel\\framework\\src\\Illuminate\\Foundation\\Http\\Kernel.php(144): Illuminate\\Foundation\\Http\\Kernel->sendRequestThroughRouter(Object(Illuminate\\Http\\Request))
#70 D:\\Burhan\\Chat-Two\\chat-app-laravel\\vendor\\laravel\\framework\\src\\Illuminate\\Foundation\\Application.php(1219): Illuminate\\Foundation\\Http\\Kernel->handle(Object(Illuminate\\Http\\Request))
#71 D:\\Burhan\\Chat-Two\\chat-app-laravel\\public\\index.php(25): Illuminate\\Foundation\\Application->handleRequest(Object(Illuminate\\Http\\Request))
#72 D:\\Burhan\\Chat-Two\\chat-app-laravel\\vendor\\laravel\\framework\\src\\Illuminate\\Foundation\\resources\\server.php(23): require_once('D:\\\\Burhan\\\\Chat-...')
#73 {main}
"} 
[2026-08-16 01:06:10] local.ERROR: GroqProvider non-success status: 401 body: {"error":{"message":"Invalid API Key","type":"invalid_request_error","code":"invalid_api_key"}}
  
